OrderID,LineNo,OrderDate,ShipDate,StoreID,CustomerID,SKU,Quantity,UnitPrice,DiscountPct,Currency
SO-2023-000001,1,2023-01-01,2023-01-04,PL-WEB-01,C000001,VM-CMP-0023,2,56.34,0.0,PLN
SO-2023-000002,1,2023-01-01,2023-01-04,PL-WEB-01,C000002,VM-ACC-0008,2,381.99,0.0,PLN
SO-2023-000002,2,2023-01-01,2023-01-04,PL-WEB-01,C000002,VM-ACC-0006,1,907.24,0.0,PLN
SO-2023-000003,1,2023-01-01,2023-01-04,PL-WEB-01,C000003,VM-CMP-0017,2,477.49,0.05,PLN
SO-2023-000003,2,2023-01-01,2023-01-04,PL-WEB-01,C000003,VM-BIK-0007,1,6732.74,0.05,PLN
SO-2023-000003,3,2023-01-01,2023-01-04,PL-WEB-01,C000003,VM-CMP-0021,3,45.83,0.05,PLN
SO-2023-000003,4,2023-01-01,2023-01-04,PL-WEB-01,C000003, VM-ACC-0007 ,2,343.79,0.05,PLN
SO-2023-000004,1,2023-01-01,2023-01-04,PL-WEB-01,C000004,VM-APP-0001,1,439.29,0.0,PLN
SO-2023-000004,2,2023-01-01,2023-01-04,PL-WEB-01,C000004,VM-APP-0015,1,544.34,0.3,PLN
SO-2023-000004,3,2023-01-01,2023-01-04,PL-WEB-01,C000004,VM-CMP-0001,1,381.99,0.0,PLN
SO-2023-000004,4,2023-01-01,2023-01-04,PL-WEB-01,C000004,VM-BIK-0013,1,4583.99,0.0,PLN
SO-2023-000005,1,2023-01-01,2023-01-02,PL-WEB-01,C000005,VM-BIK-0007,1,6732.74,0.05,PLN
SO-2023-000005,2,2023-01-01,2023-01-02,PL-WEB-01,C000005,VM-NUT-0004,5,6.68,0.05,PLN
SO-2023-000005,3,2023-01-01,2023-01-02,PL-WEB-01,C000005,VM-ACC-0009,2,381.99,0.05,PLN
SO-2023-000006,1,2023-01-01,2023-01-03,PL-WEB-01,C000006,VM-CMP-0006,2,190.99,0.0,PLN
SO-2023-000006,2,2023-01-01,2023-01-03,PL-WEB-01,C000006,VM-ACC-0003,1,276.94,0.0,PLN
SO-2023-000007,1,2023-01-01,2023-01-05,PL-WEB-01,C000007,VM-BIK-0010,1,6035.59,0.0,PLN
SO-2023-000007,2,2023-01-01,2023-01-05,PL-WEB-01,C000007,VM-CMP-0013,2,506.14,0.0,PLN
SO-2023-000008,1,2023-01-01,2023-01-05,PL-WEB-01,C000008,VM-ACC-0011,1,68.75,0.0,PLN
SO-2023-000009,1,2023-01-01,2023-01-03,PL-WEB-01,C000009,VM-NUT-0009,4,81.17,0.0,PLN
SO-2023-000009,2,2023-01-01,2023-01-03,PL-WEB-01,C000009,VM-ACC-0014,1,105.04,0.0,PLN
SO-2023-000009,3,2023-01-01,2023-01-03,PL-WEB-01,C000009,VM-ACC-0021,1,744.89,0.0,PLN
SO-2023-000010,1,2023-01-01,2023-01-03,PL-MKT-01,C000010,VM-APP-0002,15,420.19,0.3,PLN
SO-2023-000010,2,2023-01-01,2023-01-03,PL-MKT-01,C000010,VM-APP-0015,3,544.34,0.08,PLN
SO-2023-000010,3,2023-01-01,2023-01-03,PL-MKT-01,C000010,VM-CMP-0013,4,506.14,0.12,PLN
SO-2023-000011,1,2023-01-01,2023-01-05,PL-MKT-01,C000011,VM-CMP-0008,1,420.19,0.0,PLN
SO-2023-000011,2,2023-01-01,2023-01-05,PL-MKT-01,C000011,VM-NUT-0007,4,12.41,0.0,PLN
SO-2023-000012,1,2023-01-01,2023-01-04,CZ-WEB-01,C000012,VM-NUT-0003,4,53.0,0.0,CZK
SO-2023-000013,1,2023-01-01,2023-01-03,CZ-WEB-01,C000013,VM-ACC-0022,1,7638.0,0.0,CZK
SO-2023-000014,1,2023-01-01,2023-01-05,CZ-WEB-01,C000014,VM-NUT-0007,3,63.0,0.0,CZK
SO-2023-000015,1,2023-01-01,2023-01-04,DE-WEB-01,C000015,VM-APP-0005,1,36.57,0.0,EUR
SO-2023-000015,2,2023-01-01,2023-01-04,DE-WEB-01,C000015,VM-NUT-0004,4,1.42,0.0,EUR
SO-2023-000016,1,2023-01-01,2023-01-04,DE-WEB-01,C000016,VM-NUT-0011,1,10.97,0.0,EUR
SO-2023-000017,1,2023-01-02,2023-01-02,PL-WAW-01,C000017,VM-ACC-0003,2,276.94,0.0,PLN
SO-2023-000018,1,2023-01-02,2023-01-02,PL-WAW-01,C000018,VM-NUT-0001,11,8.59,0.0,PLN
SO-2023-000019,1,2023-01-02,2023-01-02,PL-WAW-01,C000019,VM-BIK-0009,1,5386.19,0.05,PLN
SO-2023-000019,2,2023-01-02,2023-01-02,PL-WAW-01,C000019,VM-NUT-0010,3,33.42,0.05,PLN
SO-2023-000020,1,2023-01-02,2023-01-02,PL-WAW-02,C000020,VM-BIK-0018,1,2291.99,0.0,PLN
SO-2023-000020,2,2023-01-02,2023-01-02,PL-WAW-02,C000020,vm-nut-0002,8,14.32,0.0,PLN
SO-2023-000021,1,2023-01-02,2023-01-02,PL-KRK-01,C000021,VM-BIK-0007,1,6732.74,0.0,PLN
SO-2023-000021,2,2023-01-02,2023-01-02,PL-KRK-01,C000021, VM-ACC-0008 ,2,381.99,0.0,PLN
SO-2023-000021,3,2023-01-02,2023-01-02,PL-KRK-01,C000021,VM-ACC-0014,1,105.04,0.0,PLN
SO-2023-000022,1,2023-01-02,2023-01-02,PL-KRK-01,C000022,VM-NUT-0001,11,8.59,0.1,PLN
SO-2023-000022,2,2023-01-02,2023-01-02,PL-KRK-01,C000022,VM-APP-0001,3,439.29,0.3,PLN
SO-2023-000023,1,2023-01-02,2023-01-02,PL-KRK-01,C000023,VM-CMP-0006,2,190.99,0.0,PLN
SO-2023-000024,1,2023-01-02,2023-01-02,PL-KRK-01,C000024,VM-APP-0002,1,420.19,0.3,PLN
SO-2023-000024,2,2023-01-02,2023-01-02,PL-KRK-01,C000024,VM-CMP-0017,2,477.49,0.0,PLN
SO-2023-000025,1,2023-01-02,2023-01-02,PL-WRO-01,C000025,VM-APP-0013,1,420.19,0.3,PLN
SO-2023-000026,1,2023-01-02,2023-01-02,PL-GDN-01,,VM-CMP-0019,4,200.54,0.0,PLN
SO-2023-000026,2,2023-01-02,2023-01-02,PL-GDN-01,,VM-NUT-0005,9,8.59,0.0,PLN
SO-2023-000027,1,2023-01-02,2023-01-02,PL-GDN-01,,VM-APP-0012,1,830.84,0.0,PLN
SO-2023-000028,1,2023-01-02,2023-01-02,PL-GDN-01,C000026, VM-NUT-0006 ,11,9.54,0.0,PLN
SO-2023-000029,1,2023-01-02,2023-01-04,PL-WEB-01,C000027,VM-CMP-0013,2,506.14,0.0,PLN
SO-2023-000029,2,2023-01-02,2023-01-04,PL-WEB-01,C000027, VM-ACC-0008 ,2,381.99,0.0,PLN
SO-2023-000030,1,2023-01-02,2023-01-05,PL-WEB-01,C000028,VM-ACC-0001,1,362.89,0.0,PLN
SO-2023-000031,1,2023-01-02,2023-01-03,PL-WEB-01,C000029,VM-NUT-0004,3,6.68,0.0,PLN
SO-2023-000032,1,2023-01-02,2023-01-05,PL-WEB-01,C000030,VM-APP-0013,1,420.19,0.3,PLN
SO-2023-000032,2,2023-01-02,2023-01-05,PL-WEB-01,C000030,VM-ACC-0010,2,238.74,0.0,PLN
SO-2023-000032,3,2023-01-02,2023-01-05,PL-WEB-01,C000030,VM-CMP-0002,2,534.79,0.0,PLN
SO-2023-000033,1,2023-01-02,2023-01-05,PL-WEB-01,C000031,VM-CMP-0011,1,152.79,0.0,PLN
SO-2023-000033,2,2023-01-02,2023-01-05,PL-WEB-01,C000031, VM-APP-0012 ,1,830.84,0.0,PLN
SO-2023-000034,1,2023-01-02,2023-01-03,PL-WEB-01,C000032,VM-APP-0020,2,171.89,0.3,PLN
SO-2023-000035,1,2023-01-02,2023-01-05,PL-WEB-01,C000033,VM-ACC-0021,1,744.89,0.0,PLN
SO-2023-000036,1,2023-01-02,2023-01-05,PL-MKT-01,C000034,VM-APP-0013,1,420.19,0.3,PLN
SO-2023-000036,2,2023-01-02,2023-01-05,PL-MKT-01,C000034,VM-APP-0005,1,171.89,0.0,PLN
SO-2023-000036,3,2023-01-02,2023-01-05,PL-MKT-01,C000034,VM-OLD-0999,6,8.59,0.0,PLN
SO-2023-000037,1,2023-01-02,2023-01-02,CZ-PRG-01,C000035,VM-ACC-0018,3,243.0,0.0,CZK
SO-2023-000038,1,2023-01-02,2023-01-02,CZ-PRG-01,C000036,VM-EBK-0003,1,44223.0,0.0,CZK
SO-2023-000039,1,2023-01-02,2023-01-04,CZ-WEB-01,C000037,VM-APP-0009,2,1703.0,0.05,CZK
SO-2023-000039,2,2023-01-02,2023-01-04,CZ-WEB-01,C000037,VM-APP-0020,1,876.0,0.3,CZK
SO-2023-000040,1,2023-01-02,2023-01-04,DE-WEB-01,C000038,VM-NUT-0007,4,2.64,0.0,EUR
SO-2023-000041,1,2023-01-02,2023-01-03,DE-WEB-01,C000039, VM-ACC-0018 ,2,10.16,0.0,EUR
SO-2023-000041,2,2023-01-02,2023-01-03,DE-WEB-01,C000039,VM-APP-0008,2,32.51,0.0,EUR
SO-2023-000042,1,2023-01-02,2023-01-04,DE-WEB-01,C000040,VM-ACC-0018,1,10.16,0.0,EUR
SO-2023-000042,2,2023-01-02,2023-01-04,DE-WEB-01,C000040,VM-CMP-0015,1,186.94,0.0,EUR
SO-2023-000043,1,2023-01-03,2023-01-03,PL-WAW-01,C000041,VM-CMP-0018,4,59.2,0.0,PLN
SO-2023-000043,2,2023-01-03,2023-01-03,PL-WAW-01,C000041,VM-ACC-0006,2,907.24,0.0,PLN
SO-2023-000044,1,2023-01-03,2023-01-03,PL-WAW-01,C000042,VM-ACC-0008,2,381.99,0.05,PLN
SO-2023-000044,2,2023-01-03,2023-01-03,PL-WAW-01,C000042,VM-CMP-0020,3,248.29,0.05,PLN
SO-2023-000044,3,2023-01-03,2023-01-03,PL-WAW-01,C000042,VM-NUT-0009,1,81.17,0.05,PLN
SO-2023-000044,4,2023-01-03,2023-01-03,PL-WAW-01,C000042,VM-ACC-0021,1,744.89,0.05,PLN
SO-2023-000045,1,2023-01-03,2023-01-03,PL-WAW-01,,VM-CMP-0003,1,229.19,0.0,PLN
SO-2023-000046,1,2023-01-03,2023-01-03,PL-WAW-01,C000043,VM-APP-0002,2,420.19,0.3,PLN
SO-2023-000047,1,2023-01-03,2023-01-03,PL-WAW-01,C000044,VM-APP-0013,1,420.19,0.0,PLN
SO-2023-000048,1,2023-01-03,2023-01-03,PL-WAW-02,C000045,VM-NUT-0004,14,6.68,0.0,PLN
SO-2023-000049,1,2023-01-03,2023-01-03,PL-KRK-01,C000046,VM-BIK-0009,1,5386.19,0.0,PLN
SO-2023-000050,1,2023-01-03,2023-01-03,PL-WRO-01,C000047,VM-EBK-0003,1,8680.94,0.0,PLN
SO-2023-000050,2,2023-01-03,2023-01-03,PL-WRO-01,C000047,VM-BIK-0019,1,1155.54,0.0,PLN
SO-2023-000051,1,2023-01-03,2023-01-03,PL-WRO-01,C000048,VM-ACC-0002,2,582.54,0.0,PLN
SO-2023-000051,2,2023-01-03,2023-01-03,PL-WRO-01,C000048,VM-BIK-0007,1,6732.74,0.0,PLN
SO-2023-000051,3,2023-01-03,2023-01-03,PL-WRO-01,C000048,VM-APP-0004,1,229.19,0.0,PLN
SO-2023-000052,1,2023-01-03,2023-01-03,PL-GDN-01,,VM-APP-0016,1,582.54,0.3,PLN
SO-2023-000053,1,2023-01-03,2023-01-04,PL-WEB-01,C000049,VM-ACC-0003,2,276.94,0.05,PLN
SO-2023-000053,2,2023-01-03,2023-01-04,PL-WEB-01,C000049,VM-CMP-0013,1,506.14,0.05,PLN
SO-2023-000053,3,2023-01-03,2023-01-04,PL-WEB-01,C000049,VM-BIK-0002,1,9196.64,0.05,PLN
SO-2023-000054,1,2023-01-03,2023-01-04,PL-WEB-01,C000050,VM-ACC-0014,1,105.04,0.05,PLN
SO-2023-000054,2,2023-01-03,2023-01-04,PL-WEB-01,C000050,VM-NUT-0004,10,6.68,0.05,PLN
SO-2023-000054,3,2023-01-03,2023-01-04,PL-WEB-01,C000050,VM-ACC-0007,1,343.79,0.05,PLN
SO-2023-000054,4,2023-01-03,2023-01-04,PL-WEB-01,C000050,VM-APP-0001,1,439.29,0.3,PLN
SO-2023-000055,1,2023-01-03,2023-01-04,PL-WEB-01,C000051,VM-EBK-0011,1,13981.19,0.0,PLN
SO-2023-000055,2,2023-01-03,2023-01-04,PL-WEB-01,C000051,VM-ACC-0007,2,343.79,0.0,PLN
SO-2023-000055,3,2023-01-03,2023-01-04,PL-WEB-01,C000051,VM-ACC-0009,1,381.99,0.0,PLN
SO-2023-000056,1,2023-01-03,2023-01-05,PL-WEB-01,C000052,VM-APP-0001,3,439.29,0.0,PLN
SO-2023-000057,1,2023-01-03,2023-01-06,PL-WEB-01,C000053,VM-APP-0008,2,152.79,0.1,PLN
SO-2023-000057,2,2023-01-03,2023-01-06,PL-WEB-01,C000053,VM-ACC-0019,2,47.74,0.1,PLN
SO-2023-000058,1,2023-01-03,2023-01-05,PL-WEB-01,C000054,VM-APP-0013,1,420.19,0.0,PLN
SO-2023-000058,2,2023-01-03,2023-01-05,PL-WEB-01,C000054,VM-NUT-0001,11,8.59,0.0,PLN
SO-2023-000059,1,2023-01-03,2023-01-06,PL-WEB-01,C000055,VM-CMP-0008,1,420.19,0.0,PLN
SO-2023-000060,1,2023-01-03,2023-01-05,PL-MKT-01,C000056,VM-ACC-0008,2,381.99,0.0,PLN
SO-2023-000060,2,2023-01-03,2023-01-05,PL-MKT-01,C000056,VM-ACC-0014,1,105.04,0.0,PLN
SO-2023-000061,1,2023-01-03,2023-01-03,CZ-PRG-01,C000057,VM-BIK-0008,1,25833.0,0.0,CZK
SO-2023-000061,2,2023-01-03,2023-01-03,CZ-PRG-01,C000057,VM-ACC-0007,2,1751.0,0.0,CZK
SO-2023-000062,1,2023-01-03,2023-01-03,CZ-PRG-01,C000058,VM-CMP-0010,2,1897.0,0.0,CZK
SO-2023-000063,1,2023-01-03,2023-01-05,CZ-WEB-01,C000059,VM-EBK-0008,1,73461.0,0.0,CZK
SO-2023-000064,1,2023-01-03,2023-01-03,DE-BER-01,C000060,VM-ACC-0020,1,164.59,0.0,EUR
SO-2023-000065,1,2023-01-03,2023-01-07,DE-WEB-01,C000061,VM-ACC-0020,1,164.59,0.0,EUR
SO-2023-000065,2,2023-01-03,2023-01-07,DE-WEB-01,C000061,VM-ACC-0021,1,158.49,0.0,EUR
SO-2023-000066,1,2023-01-03,2023-01-05,DE-WEB-01,C000062,VM-APP-0012,1,176.78,0.0,EUR
SO-2023-000066,2,2023-01-03,2023-01-05,DE-WEB-01,C000062,VM-CMP-0019,3,42.67,0.0,EUR
SO-2023-000067,1,2023-01-04,2023-01-04,PL-WAW-01,,VM-CMP-0002,1,534.79,0.0,PLN
SO-2023-000067,2,2023-01-04,2023-01-04,PL-WAW-01,,VM-ACC-0017,3,55.38,0.0,PLN
SO-2023-000067,3,2023-01-04,2023-01-04,PL-WAW-01,,VM-APP-0019,2,63.02,0.0,PLN
SO-2023-000067,4,2023-01-04,2023-01-04,PL-WAW-01,,VM-NUT-0007,11,12.41,0.0,PLN
SO-2023-000068,1,2023-01-04,2023-01-04,PL-WAW-01,C000063,VM-ACC-0021,5,744.89,0.08,PLN
SO-2023-000068,2,2023-01-04,2023-01-04,PL-WAW-01,C000063,VM-EBK-0003,2,8680.94,0.12,PLN
SO-2023-000068,3,2023-01-04,2023-01-04,PL-WAW-01,C000063,VM-ACC-0007,8,343.79,0.1,PLN
SO-2023-000068,4,2023-01-04,2023-01-04,PL-WAW-01,C000063,VM-NUT-0003,60,10.5,0.12,PLN
SO-2023-000069,1,2023-01-04,2023-01-04,PL-WAW-02,,VM-APP-0020,1,171.89,0.0,PLN
SO-2023-000069,2,2023-01-04,2023-01-04,PL-WAW-02,,VM-ACC-0003,2,276.94,0.0,PLN
SO-2023-000070,1,2023-01-04,2023-01-04,PL-WRO-01,C000026,VM-APP-0010,1,162.34,0.3,PLN
SO-2023-000071,1,2023-01-04,2023-01-04,PL-WRO-01,,VM-APP-0001,2,439.29,0.0,PLN
SO-2023-000072,1,2023-01-04,2023-01-04,PL-GDN-01,C000064,VM-CMP-0017,2,477.49,0.0,PLN
SO-2023-000072,2,2023-01-04,2023-01-04,PL-GDN-01,C000064,VM-CMP-0008,2,420.19,0.0,PLN
SO-2023-000072,3,2023-01-04,2023-01-04,PL-GDN-01,C000064,VM-APP-0002,1,420.19,0.0,PLN
SO-2023-000072,4,2023-01-04,2023-01-04,PL-GDN-01,C000064,VM-NUT-0004,11,6.68,0.0,PLN
SO-2023-000073,1,2023-01-04,2023-01-04,PL-GDN-01,,VM-CMP-0012,2,515.69,0.0,PLN
SO-2023-000073,2,2023-01-04,2023-01-04,PL-GDN-01,,VM-APP-0001,3,439.29,0.0,PLN
SO-2023-000074,1,2023-01-04,2023-01-06,PL-WEB-01,C000056,VM-APP-0017,2,181.44,0.3,PLN
SO-2023-000074,2,2023-01-04,2023-01-06,PL-WEB-01,C000056,VM-CMP-0017,1,477.49,0.0,PLN
SO-2023-000074,3,2023-01-04,2023-01-06,PL-WEB-01,C000056,VM-EBK-0009,1,9464.04,0.0,PLN
SO-2023-000075,1,2023-01-04,2023-01-07,PL-WEB-01,C000065,VM-ACC-0008,1,381.99,0.0,PLN
SO-2023-000076,1,2023-01-04,2023-01-05,PL-WEB-01,C000066,VM-ACC-0002,2,582.54,0.0,PLN
SO-2023-000076,2,2023-01-04,2023-01-05,PL-WEB-01,C000066,VM-NUT-0009,1,81.17,0.0,PLN
SO-2023-000077,1,2023-01-04,2023-01-07,PL-WEB-01,C000067,VM-APP-0002,3,420.19,0.3,PLN
SO-2023-000077,2,2023-01-04,2023-01-07,PL-WEB-01,C000067,VM-APP-0007,2,152.79,0.3,PLN
SO-2023-000077,3,2023-01-04,2023-01-07,PL-WEB-01,C000067,VM-NUT-0003,5,10.5,0.1,PLN
SO-2023-000077,4,2023-01-04,2023-01-07,PL-WEB-01,C000067,VM-APP-0018,1,124.14,0.3,PLN
SO-2023-000078,1,2023-01-04,2023-01-05,PL-WEB-01,C000023,vm-cmp-0006,2,190.99,0.0,PLN
SO-2023-000079,1,2023-01-04,2023-01-07,PL-MKT-01,C000068,VM-ACC-0007,2,343.79,0.0,PLN
SO-2023-000079,2,2023-01-04,2023-01-07,PL-MKT-01,C000068,VM-ACC-0013,1,162.34,0.0,PLN
SO-2023-000079,3,2023-01-04,2023-01-07,PL-MKT-01,C000068,VM-APP-0006,1,296.04,0.0,PLN
SO-2023-000080,1,2023-01-04,2023-01-06,PL-MKT-01,C000010,VM-CMP-0021,16,45.83,0.1,PLN
SO-2023-000080,2,2023-01-04,2023-01-06,PL-MKT-01,C000010,VM-NUT-0004,52,6.68,0.12,PLN
SO-2023-000081,1,2023-01-04,2023-01-05,PL-MKT-01,C000041,VM-ACC-0023,1,888.14,0.0,PLN
SO-2023-000081,2,2023-01-04,2023-01-05,PL-MKT-01,C000041,VM-APP-0006,2,296.04,0.3,PLN
SO-2023-000081,3,2023-01-04,2023-01-05,PL-MKT-01,C000041,VM-ACC-0008,1,381.99,0.1,PLN
SO-2023-000081,4,2023-01-04,2023-01-05,PL-MKT-01,C000041,VM-CMP-0016,2,2349.29,0.0,PLN
SO-2023-000082,1,2023-01-04,2023-01-07,PL-MKT-01,C000069, VM-CMP-0006 ,2,190.99,0.0,PLN
SO-2023-000083,1,2023-01-04,2023-01-04,CZ-PRG-01,C000070,VM-BIK-0007,1,34298.0,0.0,CZK
SO-2023-000083,2,2023-01-04,2023-01-04,CZ-PRG-01,C000070,VM-ACC-0001,2,1849.0,0.0,CZK
SO-2023-000084,1,2023-01-04,2023-01-04,DE-BER-01,,VM-APP-0006,2,62.99,0.3,EUR
SO-2023-000084,2,2023-01-04,2023-01-04,DE-BER-01,,VM-ACC-0008,2,81.28,0.0,EUR
SO-2023-000085,1,2023-01-05,2023-01-05,PL-WAW-01,C000003,VM-APP-0018,1,124.14,0.3,PLN
SO-2023-000085,2,2023-01-05,2023-01-05,PL-WAW-01,C000003,VM-BIK-0011,1,8260.74,0.05,PLN
SO-2023-000085,3,2023-01-05,2023-01-05,PL-WAW-01,C000003,VM-CMP-0017,2,477.49,0.05,PLN
SO-2023-000086,1,2023-01-05,2023-01-05,PL-WAW-01,,VM-ACC-0002,2,582.54,0.0,PLN
SO-2023-000086,2,2023-01-05,2023-01-05,PL-WAW-01,,VM-CMP-0017,2,477.49,0.0,PLN
SO-2023-000087,1,2023-01-05,2023-01-05,PL-WAW-01,C000063,VM-APP-0013,3,420.19,0.12,PLN
SO-2023-000088,1,2023-01-05,2023-01-05,PL-WAW-01,C000071,VM-APP-0006,3,296.04,0.0,PLN
SO-2023-000088,2,2023-01-05,2023-01-05,PL-WAW-01,C000071,VM-BIK-0001,1,13073.94,0.0,PLN
SO-2023-000089,1,2023-01-05,2023-01-05,PL-WAW-01,,VM-APP-0007,2,152.79,0.0,PLN
SO-2023-000090,1,2023-01-05,2023-01-05,PL-KRK-01,C000006,VM-APP-0006,3,296.04,0.3,PLN
SO-2023-000090,2,2023-01-05,2023-01-05,PL-KRK-01,C000006,VM-BIK-0012,1,11278.54,0.0,PLN
SO-2023-000091,1,2023-01-05,2023-01-05,PL-WRO-01,C000026,VM-OLD-0999,2,477.49,0.0,PLN
SO-2023-000092,1,2023-01-05,2023-01-05,PL-GDN-01,,VM-ACC-0019,2,47.74,0.0,PLN
SO-2023-000092,2,2023-01-05,2023-01-05,PL-GDN-01,,VM-CMP-0013,1,506.14,0.0,PLN
SO-2023-000092,3,2023-01-05,2023-01-05,PL-GDN-01,,VM-NUT-0004,6,6.68,0.0,PLN
SO-2023-000093,1,2023-01-05,2023-01-06,PL-WEB-01,C000010,VM-BIK-0013,2,4583.99,0.12,PLN
SO-2023-000094,1,2023-01-05,2023-01-07,PL-WEB-01,C000072,VM-ACC-0007,2,343.79,0.0,PLN
SO-2023-000094,2,2023-01-05,2023-01-07,PL-WEB-01,C000072,VM-CMP-0011,1,152.79,0.0,PLN
SO-2023-000094,3,2023-01-05,2023-01-07,PL-WEB-01,C000072,VM-NUT-0011,2,51.56,0.0,PLN
SO-2023-000095,1,2023-01-05,2023-01-06,PL-WEB-01,C000073,VM-APP-0012,1,830.84,0.0,PLN
SO-2023-000096,1,2023-01-05,2023-01-08,PL-WEB-01,C000074,VM-NUT-0011,1,51.56,0.0,PLN
SO-2023-000097,1,2023-01-05,2023-01-09,PL-MKT-01,C000075,VM-ACC-0015,1,334.24,0.0,PLN
SO-2023-000098,1,2023-01-05,2023-01-09,PL-MKT-01,C000010,VM-ACC-0001,6,362.89,0.08,PLN
SO-2023-000099,1,2023-01-05,2023-01-09,PL-MKT-01,C000011,VM-ACC-0018,3,47.74,0.0,PLN
SO-2023-000100,1,2023-01-05,2023-01-09,PL-MKT-01,C000076,VM-CMP-0001,2,381.99,0.0,PLN
SO-2023-000100,2,2023-01-05,2023-01-09,PL-MKT-01,C000076,VM-APP-0008,1,152.79,0.3,PLN
SO-2023-000101,1,2023-01-05,2023-01-05,CZ-PRG-01,C000077,VM-ACC-0001,2,1849.0,0.0,CZK
SO-2023-000102,1,2023-01-05,2023-01-05,CZ-PRG-01,C000078,VM-ACC-0021,1,3795.0,0.0,CZK
SO-2023-000102,2,2023-01-05,2023-01-05,CZ-PRG-01,C000078,VM-CMP-0015,1,4476.0,0.0,CZK
SO-2023-000103,1,2023-01-06,2023-01-06,PL-WAW-01,C000079,VM-APP-0002,2,420.19,0.0,PLN
SO-2023-000103,2,2023-01-06,2023-01-06,PL-WAW-01,C000079,VM-ACC-0013,1,162.34,0.0,PLN
SO-2023-000104,1,2023-01-06,2023-01-06,PL-WAW-01,C000080,VM-CMP-0013,5,506.14,0.1,PLN
SO-2023-000104,2,2023-01-06,2023-01-06,PL-WAW-01,C000080,VM-APP-0001,8,439.29,0.3,PLN
SO-2023-000105,1,2023-01-06,2023-01-06,PL-WAW-01,C000049,VM-ACC-0020,1,773.54,0.1,PLN
SO-2023-000105,2,2023-01-06,2023-01-06,PL-WAW-01,C000049,VM-EBK-0003,1,8680.94,0.05,PLN
SO-2023-000106,1,2023-01-06,2023-01-06,PL-WAW-01,C000081,VM-NUT-0001,7,8.59,0.0,PLN
SO-2023-000107,1,2023-01-06,2023-01-06,PL-WAW-01,,VM-NUT-0011,4,51.56,0.0,PLN
SO-2023-000108,1,2023-01-06,2023-01-06,PL-WAW-02,C000082,VM-NUT-0002,11,14.32,0.0,PLN
SO-2023-000108,2,2023-01-06,2023-01-06,PL-WAW-02,C000082,VM-NUT-0011,3,51.56,0.0,PLN
SO-2023-000109,1,2023-01-06,2023-01-06,PL-WAW-02,,VM-APP-0008,1,152.79,0.3,PLN
SO-2023-000110,1,2023-01-06,2023-01-06,PL-WAW-02,C000025,VM-APP-0002,1,420.19,0.3,PLN
SO-2023-000110,2,2023-01-06,2023-01-06,PL-WAW-02,C000025,VM-CMP-0015,1,878.59,0.0,PLN
SO-2023-000110,3,2023-01-06,2023-01-06,PL-WAW-02,C000025,VM-ACC-0019,1,47.74,0.0,PLN
SO-2023-000111,1,2023-01-06,2023-01-06,PL-KRK-01,C000071,VM-APP-0010,1,162.34,0.3,PLN
SO-2023-000112,1,2023-01-06,2023-01-06,PL-KRK-01,,VM-CMP-0013,1,506.14,0.0,PLN
SO-2023-000113,1,2023-01-06,2023-01-06,PL-KRK-01,,VM-ACC-0022,1,1499.34,0.0,PLN
SO-2023-000113,2,2023-01-06,2023-01-06,PL-KRK-01,,VM-NUT-0004,11,6.68,0.0,PLN
SO-2023-000114,1,2023-01-06,2023-01-06,PL-GDN-01,C000083,VM-APP-0013,1,420.19,0.3,PLN
SO-2023-000114,2,2023-01-06,2023-01-06,PL-GDN-01,C000083,VM-CMP-0018,1,59.2,0.0,PLN
SO-2023-000115,1,2023-01-06,2023-01-06,PL-GDN-01,,VM-ACC-0018,2,47.74,0.0,PLN
SO-2023-000116,1,2023-01-06,2023-01-06,PL-GDN-01,,VM-BIK-0020,1,1155.54,0.0,PLN
SO-2023-000117,1,2023-01-06,2023-01-07,PL-WEB-01,C000010,VM-BIK-0003,2,6245.69,0.1,PLN
SO-2023-000117,2,2023-01-06,2023-01-07,PL-WEB-01,C000010,VM-ACC-0018,15,47.74,0.12,PLN
SO-2023-000117,3,2023-01-06,2023-01-07,PL-WEB-01,C000010,VM-ACC-0019,12,47.74,0.1,PLN
SO-2023-000118,1,2023-01-06,2023-01-07,PL-WEB-01,C000047,VM-ACC-0008,2,381.99,0.0,PLN
SO-2023-000119,1,2023-01-06,2023-01-07,PL-WEB-01,C000084,VM-EBK-0009,1,9464.04,0.0,PLN
SO-2023-000120,1,2023-01-06,2023-01-10,PL-WEB-01,C000085,VM-ACC-0002,2,582.54,0.0,PLN
SO-2023-000120,2,2023-01-06,2023-01-10,PL-WEB-01,C000085,VM-NUT-0002,4,14.32,0.0,PLN
SO-2023-000121,1,2023-01-06,2023-01-09,PL-WEB-01,C000069,VM-BIK-0014,1,3657.64,0.0,PLN
SO-2023-000121,2,2023-01-06,2023-01-09,PL-WEB-01,C000069,VM-ACC-0015,1,334.24,0.0,PLN
SO-2023-000121,3,2023-01-06,2023-01-09,PL-WEB-01,C000069,VM-APP-0011,1,391.54,0.3,PLN
SO-2023-000122,1,2023-01-06,2023-01-10,PL-MKT-01,C000086,VM-BIK-0020,1,1155.54,0.0,PLN
SO-2023-000122,2,2023-01-06,2023-01-10,PL-MKT-01,C000086,VM-ACC-0008,2,381.99,0.0,PLN
SO-2023-000122,3,2023-01-06,2023-01-10,PL-MKT-01,C000086,VM-ACC-0007,1,343.79,0.0,PLN
SO-2023-000123,1,2023-01-06,2023-01-07,PL-MKT-01,C000041,VM-NUT-0011,3,51.56,0.0,PLN
SO-2023-000124,1,2023-01-06,2023-01-06,CZ-PRG-01,C000087,VM-APP-0010,2,827.0,0.0,CZK
SO-2023-000125,1,2023-01-06,2023-01-06,DE-BER-01,C000088,VM-CMP-0002,1,113.79,0.0,EUR
SO-2023-000126,1,2023-01-06,2023-01-06,DE-BER-01,, VM-NUT-0006 ,7,2.03,0.0,EUR
SO-2023-000126,2,2023-01-06,2023-01-06,DE-BER-01,,VM-APP-0001,2,93.47,0.3,EUR
SO-2023-000127,1,2023-01-06,2023-01-06,DE-BER-01,,VM-ACC-0017,3,11.78,0.0,EUR
SO-2023-000128,1,2023-01-06,2023-01-10,DE-WEB-01,C000089,VM-NUT-0002,10,3.05,0.0,EUR
SO-2023-000129,1,2023-01-06,2023-01-07,DE-WEB-01,C000090,VM-NUT-0009,4,17.27,0.0,EUR
SO-2023-000130,1,2023-01-06,2023-01-08,DE-WEB-01,C000091,VM-NUT-0002,13,3.05,0.0,EUR
SO-2023-000130,2,2023-01-06,2023-01-08,DE-WEB-01,C000091,VM-ACC-0019,2,10.16,0.0,EUR
SO-2023-000130,3,2023-01-06,2023-01-08,DE-WEB-01,C000091,VM-ACC-0007,2,73.15,0.0,EUR
SO-2023-000131,1,2023-01-07,2023-01-07,PL-WAW-01,C000044,VM-NUT-0010,4,33.42,0.0,PLN
SO-2023-000131,2,2023-01-07,2023-01-07,PL-WAW-01,C000044,VM-CMP-0017,2,477.49,0.0,PLN
SO-2023-000132,1,2023-01-07,2023-01-07,PL-WAW-01,C000092,VM-NUT-0007,6,12.41,0.0,PLN
SO-2023-000133,1,2023-01-07,2023-01-07,PL-WAW-01,C000024,VM-EBK-0009,1,9464.04,0.0,PLN
SO-2023-000133,2,2023-01-07,2023-01-07,PL-WAW-01,C000024,VM-ACC-0004,2,744.89,0.0,PLN
SO-2023-000134,1,2023-01-07,2023-01-07,PL-WAW-01,,VM-CMP-0013,2,506.14,0.0,PLN
SO-2023-000134,2,2023-01-07,2023-01-07,PL-WAW-01,,vm-cmp-0016,2,2349.29,0.0,PLN
SO-2023-000134,3,2023-01-07,2023-01-07,PL-WAW-01,,VM-EBK-0008,1,14420.49,0.0,PLN
SO-2023-000135,1,2023-01-07,2023-01-07,PL-WAW-02,,VM-ACC-0006,1,907.24,0.0,PLN
SO-2023-000136,1,2023-01-07,2023-01-07,PL-WAW-02,,VM-APP-0008,1,152.79,0.3,PLN
SO-2023-000136,2,2023-01-07,2023-01-07,PL-WAW-02,,VM-APP-0006,3,296.04,0.3,PLN
SO-2023-000137,1,2023-01-07,2023-01-07,PL-WAW-02,C000093,VM-CMP-0013,2,506.14,0.0,PLN
SO-2023-000137,2,2023-01-07,2023-01-07,PL-WAW-02,C000093,VM-CMP-0010,1,372.44,0.0,PLN
SO-2023-000138,1,2023-01-07,2023-01-07,PL-KRK-01,C000028,VM-CMP-0011,2,152.79,0.0,PLN
SO-2023-000138,2,2023-01-07,2023-01-07,PL-KRK-01,C000028,VM-APP-0004,1,229.19,0.3,PLN
SO-2023-000139,1,2023-01-07,2023-01-07,PL-KRK-01,,VM-NUT-0002,6,14.32,0.0,PLN
SO-2023-000140,1,2023-01-07,2023-01-07,PL-KRK-01,C000019,VM-APP-0002,2,420.19,0.05,PLN
SO-2023-000140,2,2023-01-07,2023-01-07,PL-KRK-01,C000019,VM-ACC-0007,2,343.79,0.05,PLN
SO-2023-000140,3,2023-01-07,2023-01-07,PL-KRK-01,C000019,VM-APP-0009,1,334.24,0.3,PLN
SO-2023-000140,4,2023-01-07,2023-01-07,PL-KRK-01,C000019,VM-CMP-0013,1,506.14,0.05,PLN
SO-2023-000141,1,2023-01-07,2023-01-07,PL-KRK-01,C000094,VM-ACC-0003,2,276.94,0.0,PLN
SO-2023-000142,1,2023-01-07,2023-01-07,PL-KRK-01,,VM-NUT-0007,5,12.41,0.0,PLN
SO-2023-000142,2,2023-01-07,2023-01-07,PL-KRK-01,,VM-APP-0001,1,439.29,0.3,PLN
SO-2023-000143,1,2023-01-07,2023-01-07,PL-WRO-01,C000026,VM-APP-0012,1,830.84,0.0,PLN
SO-2023-000143,2,2023-01-07,2023-01-07,PL-WRO-01,C000026,VM-NUT-0005,4,8.59,0.0,PLN
SO-2023-000143,3,2023-01-07,2023-01-07,PL-WRO-01,C000026,VM-ACC-0018,1,47.74,0.0,PLN
SO-2023-000144,1,2023-01-07,2023-01-07,PL-WRO-01,,VM-APP-0004,2,229.19,0.3,PLN
SO-2023-000144,2,2023-01-07,2023-01-07,PL-WRO-01,,VM-CMP-0017,1,477.49,0.0,PLN
SO-2023-000145,1,2023-01-07,2023-01-07,PL-GDN-01,C000022,VM-APP-0001,1,439.29,0.0,PLN
SO-2023-000146,1,2023-01-07,2023-01-07,PL-GDN-01,C000095,VM-ACC-0004,2,744.89,0.0,PLN
SO-2023-000147,1,2023-01-07,2023-01-07,PL-GDN-01,C000096,VM-CMP-0022,1,34.37,0.0,PLN
SO-2023-000148,1,2023-01-07,2023-01-09,PL-WEB-01,C000010,VM-NUT-0005,10,8.59,0.1,PLN
SO-2023-000148,2,2023-01-07,2023-01-09,PL-WEB-01,C000010,VM-APP-0002,9,420.19,0.1,PLN
SO-2023-000149,1,2023-01-07,2023-01-10,PL-MKT-01,C000097, VM-EBK-0006 ,1,19233.69,0.0,PLN
SO-2023-000150,1,2023-01-07,2023-01-08,PL-MKT-01,C000098,VM-APP-0008,1,152.79,0.3,PLN
SO-2023-000151,1,2023-01-07,2023-01-09,PL-MKT-01,C000099,VM-APP-0017,2,181.44,0.0,PLN
SO-2023-000151,2,2023-01-07,2023-01-09,PL-MKT-01,C000099,VM-APP-0002,3,420.19,0.3,PLN
SO-2023-000151,3,2023-01-07,2023-01-09,PL-MKT-01,C000099,VM-CMP-0013,1,506.14,0.0,PLN
SO-2023-000151,4,2023-01-07,2023-01-09,PL-MKT-01,C000099,VM-APP-0019,2,63.02,0.3,PLN
SO-2023-000152,1,2023-01-07,2023-01-07,CZ-PRG-01,,VM-APP-0010,2,827.0,0.0,CZK
SO-2023-000152,2,2023-01-07,2023-01-07,CZ-PRG-01,,VM-APP-0007,2,778.0,0.0,CZK
SO-2023-000153,1,2023-01-07,2023-01-07,CZ-PRG-01,C000100,VM-NUT-0004,14,34.0,0.0,CZK
SO-2023-000154,1,2023-01-07,2023-01-07,CZ-PRG-01,C000101,VM-APP-0002,1,2141.0,0.3,CZK
SO-2023-000154,2,2023-01-07,2023-01-07,CZ-PRG-01,C000101,VM-BIK-0004,1,20774.0,0.0,CZK
SO-2023-000154,3,2023-01-07,2023-01-07,CZ-PRG-01,C000101,vm-acc-0001,2,1849.0,0.0,CZK
SO-2023-000154,4,2023-01-07,2023-01-07,CZ-PRG-01,C000101,VM-NUT-0010,4,170.0,0.0,CZK
SO-2023-000155,1,2023-01-07,2023-01-11,CZ-WEB-01,C000102,VM-ACC-0008,2,1946.0,0.0,CZK
SO-2023-000155,2,2023-01-07,2023-01-11,CZ-WEB-01,C000102,VM-ACC-0002,2,2968.0,0.05,CZK
SO-2023-000156,1,2023-01-07,2023-01-07,DE-BER-01,C000103,VM-NUT-0003,8,2.23,0.0,EUR
SO-2023-000157,1,2023-01-07,2023-01-11,DE-WEB-01,C000104,VM-APP-0013,1,89.41,0.0,EUR
SO-2023-000158,1,2023-01-08,2023-01-11,PL-WEB-01,C000003,VM-CMP-0003,2,229.19,0.05,PLN
SO-2023-000159,1,2023-01-08,2023-01-10,PL-WEB-01,C000048,VM-APP-0002,3,420.19,0.3,PLN
SO-2023-000159,2,2023-01-08,2023-01-10,PL-WEB-01,C000048,VM-APP-0012,1,830.84,0.05,PLN
SO-2023-000160,1,2023-01-08,2023-01-12,PL-WEB-01,C000079,VM-APP-0003,1,296.04,0.3,PLN
SO-2023-000161,1,2023-01-08,2023-01-10,PL-MKT-01,C000105,VM-APP-0007,1,152.79,0.0,PLN
SO-2023-000162,1,2023-01-08,2023-01-12,PL-MKT-01,C000041,VM-NUT-0004,12,6.68,0.0,PLN
SO-2023-000162,2,2023-01-08,2023-01-12,PL-MKT-01,C000041,VM-ACC-0002,2,582.54,0.0,PLN
SO-2023-000163,1,2023-01-08,2023-01-09,PL-MKT-01,C000028,VM-APP-0007,1,152.79,0.3,PLN
SO-2023-000163,2,2023-01-08,2023-01-09,PL-MKT-01,C000028,VM-APP-0013,1,420.19,0.0,PLN
SO-2023-000163,3,2023-01-08,2023-01-09,PL-MKT-01,C000028,VM-APP-0012,1,830.84,0.3,PLN
SO-2023-000163,4,2023-01-08,2023-01-09,PL-MKT-01,C000028,VM-CMP-0002,1,534.79,0.0,PLN
SO-2023-000164,1,2023-01-08,2023-01-12,PL-MKT-01,C000106,VM-ACC-0018,1,47.74,0.0,PLN
SO-2023-000165,1,2023-01-08,2023-01-12,CZ-WEB-01,C000107, VM-APP-0019 ,2,321.0,0.3,CZK
SO-2023-000165,2,2023-01-08,2023-01-12,CZ-WEB-01,C000107,VM-CMP-0009,2,1703.0,0.0,CZK
SO-2023-000165,3,2023-01-08,2023-01-12,CZ-WEB-01,C000107,VM-APP-0014,1,2384.0,0.3,CZK
SO-2023-000166,1,2023-01-08,2023-01-09,DE-WEB-01,C000108,VM-APP-0003,2,62.99,0.0,EUR
SO-2023-000166,2,2023-01-08,2023-01-09,DE-WEB-01,C000108,VM-ACC-0008,2,81.28,0.0,EUR
SO-2023-000167,1,2023-01-08,2023-01-10,DE-WEB-01,C000109,VM-NUT-0004,5,1.42,0.0,EUR
SO-2023-000167,2,2023-01-08,2023-01-10,DE-WEB-01,C000109,VM-ACC-0008,1,81.28,0.0,EUR
SO-2023-000167,3,2023-01-08,2023-01-10,DE-WEB-01,C000109,VM-CMP-0010,1,79.25,0.0,EUR
SO-2023-000168,1,2023-01-09,2023-01-09,PL-WAW-02,C000110,VM-BIK-0007,1,6732.74,0.0,PLN
SO-2023-000168,2,2023-01-09,2023-01-09,PL-WAW-02,C000110,VM-ACC-0008,1,381.99,0.0,PLN
SO-2023-000169,1,2023-01-09,2023-01-09,PL-KRK-01,C000111,VM-ACC-0005,8,171.89,0.08,PLN
SO-2023-000170,1,2023-01-09,2023-01-09,PL-WRO-01,C000029,VM-NUT-0001,6,8.59,0.0,PLN
SO-2023-000170,2,2023-01-09,2023-01-09,PL-WRO-01,C000029,VM-APP-0011,1,391.54,0.3,PLN
SO-2023-000170,3,2023-01-09,2023-01-09,PL-WRO-01,C000029,VM-ACC-0006,2,907.24,0.0,PLN
SO-2023-000171,1,2023-01-09,2023-01-09,PL-WRO-01,,VM-EBK-0008,1,14420.49,0.0,PLN
SO-2023-000171,2,2023-01-09,2023-01-09,PL-WRO-01,,VM-ACC-0008,2,381.99,0.0,PLN
SO-2023-000171,3,2023-01-09,2023-01-09,PL-WRO-01,,VM-ACC-0004,2,744.89,0.0,PLN
SO-2023-000172,1,2023-01-09,2023-01-09,PL-GDN-01,C000112,VM-NUT-0010,4,33.42,0.0,PLN
SO-2023-000173,1,2023-01-09,2023-01-09,PL-GDN-01,,VM-CMP-0007,1,601.64,0.0,PLN
SO-2023-000173,2,2023-01-09,2023-01-09,PL-GDN-01,,VM-NUT-0011,2,51.56,0.0,PLN
SO-2023-000173,3,2023-01-09,2023-01-09,PL-GDN-01,,VM-APP-0015,1,544.34,0.0,PLN
SO-2023-000174,1,2023-01-09,2023-01-09,PL-GDN-01,C000113,VM-ACC-0023,1,888.14,0.0,PLN
SO-2023-000175,1,2023-01-09,2023-01-10,PL-WEB-01,C000114,VM-EBK-0008,1,14420.49,0.0,PLN
SO-2023-000176,1,2023-01-09,2023-01-10,PL-WEB-01,C000080,VM-APP-0004,12,229.19,0.1,PLN
SO-2023-000176,2,2023-01-09,2023-01-10,PL-WEB-01,C000080,VM-NUT-0004,28,6.68,0.1,PLN
SO-2023-000177,1,2023-01-09,2023-01-13,PL-WEB-01,C000010,VM-CMP-0013,6,506.14,0.1,PLN
SO-2023-000177,2,2023-01-09,2023-01-13,PL-WEB-01,C000010,VM-APP-0002,15,420.19,0.3,PLN
SO-2023-000178,1,2023-01-09,2023-01-13,PL-WEB-01,C000115,VM-NUT-0010,4,33.42,0.0,PLN
SO-2023-000178,2,2023-01-09,2023-01-13,PL-WEB-01,C000115,vm-app-0001,2,439.29,0.3,PLN
SO-2023-000179,1,2023-01-09,2023-01-11,PL-WEB-01,C000010,VM-APP-0006,2,296.04,0.3,PLN
SO-2023-000179,2,2023-01-09,2023-01-11,PL-WEB-01,C000010,VM-BIK-0009,3,5386.19,0.1,PLN
SO-2023-000179,3,2023-01-09,2023-01-11,PL-WEB-01,C000010,VM-CMP-0001,10,381.99,0.12,PLN
SO-2023-000180,1,2023-01-09,2023-01-10,PL-MKT-01,C000026,VM-ACC-0003,2,276.94,0.1,PLN
SO-2023-000180,2,2023-01-09,2023-01-10,PL-MKT-01,C000026,VM-NUT-0011,4,51.56,0.0,PLN
SO-2023-000180,3,2023-01-09,2023-01-10,PL-MKT-01,C000026,VM-NUT-0009,1,81.17,0.0,PLN
SO-2023-000180,4,2023-01-09,2023-01-10,PL-MKT-01,C000026,VM-APP-0016,1,582.54,0.0,PLN
SO-2023-000181,1,2023-01-09,2023-01-12,PL-MKT-01,C000116,VM-APP-0019,2,63.02,0.3,PLN
SO-2023-000181,2,2023-01-09,2023-01-12,PL-MKT-01,C000116,VM-BIK-0009,1,5386.19,0.0,PLN
SO-2023-000182,1,2023-01-09,2023-01-13,PL-MKT-01,C000117,VM-ACC-0008,2,381.99,0.0,PLN
SO-2023-000182,2,2023-01-09,2023-01-13,PL-MKT-01,C000117,VM-ACC-0017,2,55.38,0.0,PLN
SO-2023-000182,3,2023-01-09,2023-01-13,PL-MKT-01,C000117,VM-CMP-0009,1,334.24,0.0,PLN
SO-2023-000183,1,2023-01-09,2023-01-10,PL-MKT-01,C000118,VM-BIK-0007,1,6732.74,0.0,PLN
SO-2023-000184,1,2023-01-09,2023-01-11,CZ-WEB-01,C000119,VM-ACC-0020,1,3941.0,0.0,CZK
SO-2023-000185,1,2023-01-09,2023-01-13,CZ-WEB-01,C000120,VM-APP-0001,3,2238.0,0.0,CZK
SO-2023-000185,2,2023-01-09,2023-01-13,CZ-WEB-01,C000120,VM-APP-0006,2,1508.0,0.3,CZK
SO-2023-000186,1,2023-01-09,2023-01-09,DE-BER-01,C000121,VM-ACC-0022,1,319.02,0.0,EUR
SO-2023-000186,2,2023-01-09,2023-01-09,DE-BER-01,C000121,VM-NUT-0005,4,1.83,0.0,EUR
SO-2023-000186,3,2023-01-09,2023-01-09,DE-BER-01,C000121,VM-ACC-0012,1,14.63,0.0,EUR
SO-2023-000187,1,2023-01-09,2023-01-13,DE-WEB-01,C000122,VM-NUT-0007,50,2.64,0.08,EUR
SO-2023-000187,2,2023-01-09,2023-01-13,DE-WEB-01,C000122,VM-APP-0003,5,62.99,0.3,EUR
SO-2023-000188,1,2023-01-09,2023-01-12,DE-WEB-01,C000123,VM-ACC-0008,2,81.28,0.0,EUR
SO-2023-000189,1,2023-01-10,2023-01-10,PL-WAW-01,C000022,VM-CMP-0023,1,56.34,0.0,PLN
SO-2023-000189,2,2023-01-10,2023-01-10,PL-WAW-01,C000022,VM-ACC-0014,1,105.04,0.0,PLN
SO-2023-000190,1,2023-01-10,2023-01-10,PL-WAW-01,C000124,VM-ACC-0006,2,907.24,0.0,PLN
SO-2023-000191,1,2023-01-10,2023-01-10,PL-WAW-01,C000125,VM-NUT-0006,12,9.54,0.0,PLN
SO-2023-000192,1,2023-01-10,2023-01-10,PL-WAW-02,,VM-NUT-0009,1,81.17,0.0,PLN
SO-2023-000193,1,2023-01-10,2023-01-10,PL-WAW-02,C000113,vm-cmp-0022,1,34.37,0.0,PLN
SO-2023-000193,2,2023-01-10,2023-01-10,PL-WAW-02,C000113,VM-BIK-0007,1,6732.74,0.0,PLN
SO-2023-000193,3,2023-01-10,2023-01-10,PL-WAW-02,C000113,VM-ACC-0014,1,105.04,0.0,PLN
SO-2023-000194,1,2023-01-10,2023-01-10,PL-KRK-01,C000126,VM-NUT-0003,5,10.5,0.0,PLN
SO-2023-000194,2,2023-01-10,2023-01-10,PL-KRK-01,C000126,VM-APP-0001,3,439.29,0.0,PLN
SO-2023-000195,1,2023-01-10,2023-01-10,PL-KRK-01,C000051,VM-ACC-0014,1,105.04,0.05,PLN
SO-2023-000196,1,2023-01-10,2023-01-10,PL-KRK-01,C000026,VM-APP-0018,1,124.14,0.0,PLN
SO-2023-000196,2,2023-01-10,2023-01-10,PL-KRK-01,C000026,VM-ACC-0005,2,171.89,0.1,PLN
SO-2023-000197,1,2023-01-10,2023-01-10,PL-WRO-01,,VM-BIK-0009,1,5386.19,0.0,PLN
SO-2023-000198,1,2023-01-10,2023-01-10,PL-GDN-01,C000127,VM-ACC-0008,2,381.99,0.0,PLN
SO-2023-000199,1,2023-01-10,2023-01-10,PL-GDN-01,C000005,VM-BIK-0009,1,5386.19,0.05,PLN
SO-2023-000199,2,2023-01-10,2023-01-10,PL-GDN-01,C000005,VM-ACC-0001,1,362.89,0.05,PLN
SO-2023-000200,1,2023-01-10,2023-01-12,PL-WEB-01,C000128,vm-app-0018,1,124.14,0.3,PLN
SO-2023-000201,1,2023-01-10,2023-01-11,PL-WEB-01,C000093,VM-ACC-0017,2,55.38,0.0,PLN
SO-2023-000201,2,2023-01-10,2023-01-11,PL-WEB-01,C000093,VM-APP-0002,1,420.19,0.0,PLN
SO-2023-000202,1,2023-01-10,2023-01-11,PL-WEB-01,C000129,VM-APP-0001,1,439.29,0.3,PLN
SO-2023-000203,1,2023-01-10,2023-01-12,PL-WEB-01,C000051,VM-APP-0020,1,171.89,0.3,PLN
SO-2023-000204,1,2023-01-10,2023-01-13,PL-MKT-01,C000105,VM-APP-0008,1,152.79,0.3,PLN
SO-2023-000204,2,2023-01-10,2023-01-13,PL-MKT-01,C000105,VM-NUT-0004,11,6.68,0.0,PLN
SO-2023-000204,3,2023-01-10,2023-01-13,PL-MKT-01,C000105,VM-NUT-0005,3,8.59,0.0,PLN
SO-2023-000204,4,2023-01-10,2023-01-13,PL-MKT-01,C000105,VM-APP-0003,2,296.04,0.3,PLN
SO-2023-000205,1,2023-01-10,2023-01-12,PL-MKT-01,C000130,VM-OLD-0999,1,105.04,0.0,PLN
SO-2023-000206,1,2023-01-10,2023-01-11,PL-MKT-01,C000131,VM-ACC-0007,2,343.79,0.0,PLN
SO-2023-000206,2,2023-01-10,2023-01-11,PL-MKT-01,C000131,VM-NUT-0009,3,81.17,0.0,PLN
SO-2023-000207,1,2023-01-10,2023-01-10,CZ-PRG-01,,VM-APP-0015,1,2773.0,0.3,CZK
SO-2023-000207,2,2023-01-10,2023-01-10,CZ-PRG-01,,VM-BIK-0019,1,5887.0,0.0,CZK
SO-2023-000208,1,2023-01-10,2023-01-10,CZ-PRG-01,,VM-NUT-0002,7,73.0,0.0,CZK
SO-2023-000208,2,2023-01-10,2023-01-10,CZ-PRG-01,,VM-ACC-0008,1,1946.0,0.05,CZK
SO-2023-000208,3,2023-01-10,2023-01-10,CZ-PRG-01,,VM-APP-0002,3,2141.0,0.3,CZK
SO-2023-000209,1,2023-01-10,2023-01-10,CZ-PRG-01,C000132,VM-BIK-0007,1,34298.0,0.0,CZK
SO-2023-000209,2,2023-01-10,2023-01-10,CZ-PRG-01,C000132,VM-NUT-0009,1,413.0,0.0,CZK
SO-2023-000210,1,2023-01-10,2023-01-10,DE-BER-01,C000133,VM-NUT-0006,10,2.03,0.0,EUR
SO-2023-000211,1,2023-01-10,2023-01-11,DE-WEB-01,C000134,VM-CMP-0010,1,79.25,0.0,EUR
SO-2023-000211,2,2023-01-10,2023-01-11,DE-WEB-01,C000134,VM-APP-0001,3,93.47,0.3,EUR
SO-2023-000212,1,2023-01-11,2023-01-11,PL-WAW-01,C000028,VM-ACC-0007,2,343.79,0.05,PLN
SO-2023-000212,2,2023-01-11,2023-01-11,PL-WAW-01,C000028,VM-NUT-0006,4,9.54,0.0,PLN
SO-2023-000212,3,2023-01-11,2023-01-11,PL-WAW-01,C000028,VM-NUT-0004,8,6.68,0.0,PLN
SO-2023-000212,4,2023-01-11,2023-01-11,PL-WAW-01,C000028,VM-ACC-0009,1,381.99,0.05,PLN
SO-2023-000213,1,2023-01-11,2023-01-11,PL-WAW-02,C000135,VM-ACC-0008,10,381.99,0.12,PLN
SO-2023-000214,1,2023-01-11,2023-01-11,PL-WAW-02,,VM-NUT-0003,13,10.5,0.0,PLN
SO-2023-000214,2,2023-01-11,2023-01-11,PL-WAW-02,,VM-NUT-0001,11,8.59,0.05,PLN
SO-2023-000215,1,2023-01-11,2023-01-11,PL-WAW-02,,VM-ACC-0005,2,171.89,0.0,PLN
SO-2023-000216,1,2023-01-11,2023-01-11,PL-KRK-01,,VM-ACC-0021,1,744.89,0.0,PLN
SO-2023-000216,2,2023-01-11,2023-01-11,PL-KRK-01,,VM-CMP-0008,1,420.19,0.0,PLN
SO-2023-000216,3,2023-01-11,2023-01-11,PL-KRK-01,,VM-CMP-0017,2,477.49,0.0,PLN
SO-2023-000217,1,2023-01-11,2023-01-11,PL-GDN-01,C000082,VM-CMP-0020,2,248.29,0.1,PLN
SO-2023-000217,2,2023-01-11,2023-01-11,PL-GDN-01,C000082,VM-NUT-0007,8,12.41,0.0,PLN
SO-2023-000218,1,2023-01-11,2023-01-11,PL-GDN-01,C000063,VM-CMP-0022,16,34.37,0.08,PLN
SO-2023-000219,1,2023-01-11,2023-01-14,PL-WEB-01,C000136,VM-ACC-0008,1,381.99,0.0,PLN
SO-2023-000220,1,2023-01-11,2023-01-15,PL-WEB-01,C000137,VM-CMP-0011,1,152.79,0.0,PLN
SO-2023-000220,2,2023-01-11,2023-01-15,PL-WEB-01,C000137,VM-APP-0010,2,162.34,0.3,PLN
SO-2023-000220,3,2023-01-11,2023-01-15,PL-WEB-01,C000137,VM-ACC-0023,1,888.14,0.0,PLN
SO-2023-000221,1,2023-01-11,2023-01-13,PL-WEB-01,C000072,VM-ACC-0001,1,362.89,0.0,PLN
SO-2023-000222,1,2023-01-11,2023-01-15,PL-MKT-01,C000011,VM-ACC-0023,1,888.14,0.0,PLN
SO-2023-000222,2,2023-01-11,2023-01-15,PL-MKT-01,C000011,VM-BIK-0017,1,1824.04,0.0,PLN
SO-2023-000223,1,2023-01-11,2023-01-12,PL-MKT-01,C000138,VM-ACC-0013,1,162.34,0.0,PLN
SO-2023-000224,1,2023-01-11,2023-01-12,PL-MKT-01,C000063,VM-ACC-0002,4,582.54,0.08,PLN
SO-2023-000224,2,2023-01-11,2023-01-12,PL-MKT-01,C000063,VM-NUT-0011,12,51.56,0.12,PLN
SO-2023-000225,1,2023-01-11,2023-01-14,PL-MKT-01,C000139,VM-BIK-0018,3,2291.99,0.1,PLN
SO-2023-000225,2,2023-01-11,2023-01-14,PL-MKT-01,C000139,vm-acc-0008,6,381.99,0.12,PLN
SO-2023-000226,1,2023-01-11,2023-01-14,PL-MKT-01,C000140,VM-NUT-0004,14,6.68,0.0,PLN
SO-2023-000226,2,2023-01-11,2023-01-14,PL-MKT-01,C000140,VM-CMP-0013,2,506.14,0.0,PLN
SO-2023-000226,3,2023-01-11,2023-01-14,PL-MKT-01,C000140,VM-ACC-0008,1,381.99,0.0,PLN
SO-2023-000227,1,2023-01-11,2023-01-14,PL-MKT-01,C000002,VM-CMP-0008,2,420.19,0.0,PLN
SO-2023-000227,2,2023-01-11,2023-01-14,PL-MKT-01,C000002,VM-ACC-0002,2,582.54,0.0,PLN
SO-2023-000227,3,2023-01-11,2023-01-14,PL-MKT-01,C000002,VM-APP-0010,1,162.34,0.3,PLN
SO-2023-000227,4,2023-01-11,2023-01-14,PL-MKT-01,C000002,VM-NUT-0009,4,81.17,0.0,PLN
SO-2023-000228,1,2023-01-11,2023-01-12,PL-MKT-01,C000141,VM-APP-0010,1,162.34,0.3,PLN
SO-2023-000228,2,2023-01-11,2023-01-12,PL-MKT-01,C000141,VM-BIK-0013,1,4583.99,0.0,PLN
SO-2023-000228,3,2023-01-11,2023-01-12,PL-MKT-01,C000141,VM-CMP-0017,2,477.49,0.0,PLN
SO-2023-000229,1,2023-01-11,2023-01-11,CZ-PRG-01,,VM-NUT-0009,2,413.0,0.0,CZK
SO-2023-000229,2,2023-01-11,2023-01-11,CZ-PRG-01,,VM-APP-0001,3,2238.0,0.0,CZK
SO-2023-000229,3,2023-01-11,2023-01-11,CZ-PRG-01,,VM-ACC-0015,1,1703.0,0.0,CZK
SO-2023-000229,4,2023-01-11,2023-01-11,CZ-PRG-01,,VM-CMP-0009,2,1703.0,0.0,CZK
SO-2023-000230,1,2023-01-11,2023-01-11,CZ-PRG-01,C000142,VM-EBK-0003,1,44223.0,0.0,CZK
SO-2023-000230,2,2023-01-11,2023-01-11,CZ-PRG-01,C000142,VM-ACC-0018,3,243.0,0.0,CZK
SO-2023-000230,3,2023-01-11,2023-01-11,CZ-PRG-01,C000142,VM-ACC-0017,1,282.0,0.0,CZK
SO-2023-000230,4,2023-01-11,2023-01-11,CZ-PRG-01,C000142,VM-ACC-0001,1,1849.0,0.0,CZK
SO-2023-000231,1,2023-01-11,2023-01-15,CZ-WEB-01,C000143,VM-CMP-0012,2,2627.0,0.0,CZK
SO-2023-000232,1,2023-01-11,2023-01-13,CZ-WEB-01,C000144,VM-ACC-0014,1,535.0,0.0,CZK
SO-2023-000232,2,2023-01-11,2023-01-13,CZ-WEB-01,C000144,VM-CMP-0009,1,1703.0,0.0,CZK
SO-2023-000232,3,2023-01-11,2023-01-13,CZ-WEB-01,C000144,VM-APP-0008,2,778.0,0.3,CZK
SO-2023-000232,4,2023-01-11,2023-01-13,CZ-WEB-01,C000144,VM-NUT-0007,9,63.0,0.0,CZK
SO-2023-000233,1,2023-01-11,2023-01-14,CZ-WEB-01,C000145,VM-ACC-0014,1,535.0,0.0,CZK
SO-2023-000234,1,2023-01-11,2023-01-14,CZ-WEB-01,C000146,VM-APP-0006,2,1508.0,0.0,CZK
SO-2023-000234,2,2023-01-11,2023-01-14,CZ-WEB-01,C000146,VM-CMP-0017,2,2432.0,0.0,CZK
SO-2023-000235,1,2023-01-11,2023-01-13,CZ-WEB-01,C000147,VM-APP-0002,3,2141.0,0.0,CZK
SO-2023-000235,2,2023-01-11,2023-01-13,CZ-WEB-01,C000147,VM-ACC-0011,2,350.0,0.0,CZK
SO-2023-000235,3,2023-01-11,2023-01-13,CZ-WEB-01,C000147,VM-NUT-0003,3,53.0,0.0,CZK
SO-2023-000236,1,2023-01-11,2023-01-11,DE-BER-01,,VM-CMP-0002,2,113.79,0.0,EUR
SO-2023-000237,1,2023-01-11,2023-01-11,DE-BER-01,C000148,VM-CMP-0012,2,109.73,0.05,EUR
SO-2023-000238,1,2023-01-11,2023-01-15,DE-WEB-01,C000149,VM-BIK-0020,1,245.87,0.0,EUR
SO-2023-000239,1,2023-01-11,2023-01-15,DE-WEB-01,C000150,VM-APP-0007,1,32.51,0.0,EUR
SO-2023-000240,1,2023-01-11,2023-01-13,DE-WEB-01,C000151, VM-EBK-0001 ,1,1558.54,0.0,EUR
SO-2023-000240,2,2023-01-11,2023-01-13,DE-WEB-01,C000151,VM-ACC-0018,2,10.16,0.0,EUR
SO-2023-000241,1,2023-01-11,2023-01-13,DE-WEB-01,C000152,vm-app-0015,1,115.82,0.3,EUR
SO-2023-000242,1,2023-01-11,2023-01-15,DE-WEB-01,C000153,VM-NUT-0001,15,1.83,0.05,EUR
SO-2023-000243,1,2023-01-12,2023-01-12,PL-WAW-01,C000003,VM-ACC-0013,1,162.34,0.05,PLN
SO-2023-000244,1,2023-01-12,2023-01-12,PL-WAW-02,C000105,VM-ACC-0006,2,907.24,0.0,PLN
SO-2023-000245,1,2023-01-12,2023-01-12,PL-KRK-01,,VM-CMP-0016,1,2349.29,0.0,PLN
SO-2023-000246,1,2023-01-12,2023-01-12,PL-WRO-01,C000001,VM-CMP-0021,2,45.83,0.0,PLN
SO-2023-000246,2,2023-01-12,2023-01-12,PL-WRO-01,C000001,VM-NUT-0004,14,6.68,0.0,PLN
SO-2023-000247,1,2023-01-12,2023-01-12,PL-GDN-01,,VM-APP-0016,1,582.54,0.3,PLN
SO-2023-000247,2,2023-01-12,2023-01-12,PL-GDN-01,,VM-ACC-0011,2,68.75,0.05,PLN
SO-2023-000247,3,2023-01-12,2023-01-12,PL-GDN-01,,VM-CMP-0013,2,506.14,0.0,PLN
SO-2023-000248,1,2023-01-12,2023-01-12,PL-GDN-01,C000052,vm-acc-0008,1,381.99,0.0,PLN
SO-2023-000249,1,2023-01-12,2023-01-12,PL-GDN-01,C000111,VM-NUT-0005,20,8.59,0.08,PLN
SO-2023-000249,2,2023-01-12,2023-01-12,PL-GDN-01,C000111,VM-NUT-0007,20,12.41,0.12,PLN
SO-2023-000250,1,2023-01-12,2023-01-12,PL-GDN-01,C000154,VM-NUT-0011,4,51.56,0.0,PLN
SO-2023-000250,2,2023-01-12,2023-01-12,PL-GDN-01,C000154,VM-CMP-0012,1,515.69,0.0,PLN
SO-2023-000250,3,2023-01-12,2023-01-12,PL-GDN-01,C000154,VM-CMP-0009,2,334.24,0.0,PLN
SO-2023-000251,1,2023-01-12,2023-01-16,PL-WEB-01,C000155,VM-CMP-0001,1,381.99,0.0,PLN
SO-2023-000252,1,2023-01-12,2023-01-15,PL-WEB-01,C000156,VM-APP-0010,2,162.34,0.3,PLN
SO-2023-000253,1,2023-01-12,2023-01-14,PL-WEB-01,C000157,VM-ACC-0014,1,105.04,0.0,PLN
SO-2023-000254,1,2023-01-12,2023-01-16,PL-WEB-01,C000158,VM-ACC-0023,1,888.14,0.0,PLN
SO-2023-000255,1,2023-01-12,2023-01-15,PL-WEB-01,C000159,VM-ACC-0005,1,171.89,0.05,PLN
SO-2023-000256,1,2023-01-12,2023-01-13,PL-MKT-01,C000085,vm-acc-0008,1,381.99,0.0,PLN
SO-2023-000256,2,2023-01-12,2023-01-13,PL-MKT-01,C000085,VM-NUT-0004,11,6.68,0.0,PLN
SO-2023-000257,1,2023-01-12,2023-01-13,PL-MKT-01,C000160,VM-APP-0003,1,296.04,0.3,PLN
SO-2023-000257,2,2023-01-12,2023-01-13,PL-MKT-01,C000160,VM-CMP-0018,3,59.2,0.0,PLN
SO-2023-000258,1,2023-01-12,2023-01-16,PL-MKT-01,C000161,VM-ACC-0008,2,381.99,0.05,PLN
SO-2023-000259,1,2023-01-12,2023-01-12,CZ-PRG-01,C000162,VM-CMP-0017,6,2432.0,0.12,CZK
SO-2023-000259,2,2023-01-12,2023-01-12,CZ-PRG-01,C000162,VM-ACC-0020,4,3941.0,0.08,CZK
SO-2023-000260,1,2023-01-12,2023-01-12,CZ-PRG-01,C000163,VM-ACC-0023,1,4524.0,0.0,CZK
SO-2023-000260,2,2023-01-12,2023-01-12,CZ-PRG-01,C000163,VM-NUT-0001,11,44.0,0.0,CZK
SO-2023-000261,1,2023-01-12,2023-01-16,DE-WEB-01,C000164,VM-APP-0008,2,32.51,0.3,EUR
SO-2023-000261,2,2023-01-12,2023-01-16,DE-WEB-01,C000164,VM-CMP-0007,2,128.01,0.0,EUR
SO-2023-000262,1,2023-01-12,2023-01-16,DE-WEB-01,C000165,VM-APP-0001,2,93.47,0.0,EUR
SO-2023-000262,2,2023-01-12,2023-01-16,DE-WEB-01,C000165,VM-CMP-0015,2,186.94,0.0,EUR
SO-2023-000263,1,2023-01-13,2023-01-13,PL-WAW-01,C000157,VM-ACC-0020,1,773.54,0.0,PLN
SO-2023-000263,2,2023-01-13,2023-01-13,PL-WAW-01,C000157,VM-ACC-0007,1,343.79,0.0,PLN
SO-2023-000263,3,2023-01-13,2023-01-13,PL-WAW-01,C000157, VM-APP-0010 ,1,162.34,0.3,PLN
SO-2023-000264,1,2023-01-13,2023-01-13,PL-WAW-01,C000166,VM-ACC-0014,1,105.04,0.0,PLN
SO-2023-000264,2,2023-01-13,2023-01-13,PL-WAW-01,C000166,VM-ACC-0018,1,47.74,0.0,PLN
SO-2023-000265,1,2023-01-13,2023-01-13,PL-WAW-01,,VM-NUT-0004,15,6.68,0.0,PLN
SO-2023-000266,1,2023-01-13,2023-01-13,PL-WAW-01,C000098,VM-NUT-0009,2,81.17,0.0,PLN
SO-2023-000266,2,2023-01-13,2023-01-13,PL-WAW-01,C000098,VM-BIK-0019,1,1155.54,0.0,PLN
SO-2023-000266,3,2023-01-13,2023-01-13,PL-WAW-01,C000098, VM-ACC-0014 ,1,105.04,0.0,PLN
SO-2023-000267,1,2023-01-13,2023-01-13,PL-WAW-02,C000052,VM-ACC-0014,1,105.04,0.0,PLN
SO-2023-000268,1,2023-01-13,2023-01-13,PL-WRO-01,C000167,VM-ACC-0005,2,171.89,0.0,PLN
SO-2023-000268,2,2023-01-13,2023-01-13,PL-WRO-01,C000167,VM-OLD-0999,2,2349.29,0.0,PLN
SO-2023-000269,1,2023-01-13,2023-01-13,PL-GDN-01,,VM-NUT-0006,10,9.54,0.0,PLN
SO-2023-000269,2,2023-01-13,2023-01-13,PL-GDN-01,,VM-APP-0007,1,152.79,0.3,PLN
SO-2023-000270,1,2023-01-13,2023-01-14,PL-WEB-01,C000066,VM-CMP-0013,1,506.14,0.0,PLN
SO-2023-000271,1,2023-01-13,2023-01-14,PL-WEB-01,C000168,VM-ACC-0008,2,381.99,0.0,PLN
SO-2023-000271,2,2023-01-13,2023-01-14,PL-WEB-01,C000168,VM-APP-0013,1,420.19,0.0,PLN
SO-2023-000272,1,2023-01-13,2023-01-15,PL-WEB-01,C000098,VM-NUT-0010,3,33.42,0.0,PLN
SO-2023-000273,1,2023-01-13,2023-01-17,PL-MKT-01,C000169,VM-APP-0016,1,582.54,0.3,PLN
SO-2023-000274,1,2023-01-13,2023-01-16,CZ-WEB-01,C000170,VM-ACC-0023,1,4524.0,0.0,CZK
SO-2023-000274,2,2023-01-13,2023-01-16,CZ-WEB-01,C000170,VM-APP-0002,2,2141.0,0.3,CZK
SO-2023-000275,1,2023-01-13,2023-01-13,DE-BER-01,C000171,VM-ACC-0021,1,158.49,0.0,EUR
SO-2023-000275,2,2023-01-13,2023-01-13,DE-BER-01,C000171,VM-NUT-0002,11,3.05,0.0,EUR
SO-2023-000276,1,2023-01-13,2023-01-13,DE-BER-01,C000172,VM-CMP-0013,1,107.69,0.0,EUR
SO-2023-000276,2,2023-01-13,2023-01-13,DE-BER-01,C000172,VM-ACC-0020,1,164.59,0.05,EUR
SO-2023-000277,1,2023-01-13,2023-01-16,DE-WEB-01,C000173,VM-ACC-0007,1,73.15,0.0,EUR
SO-2023-000277,2,2023-01-13,2023-01-16,DE-WEB-01,C000173, VM-APP-0012 ,1,176.78,0.3,EUR
SO-2023-000278,1,2023-01-14,2023-01-14,PL-WAW-01,C000174,VM-ACC-0018,1,47.74,0.0,PLN
SO-2023-000279,1,2023-01-14,2023-01-14,PL-WAW-01,C000019,VM-APP-0008,1,152.79,0.05,PLN
SO-2023-000279,2,2023-01-14,2023-01-14,PL-WAW-01,C000019,VM-NUT-0001,3,8.59,0.05,PLN
SO-2023-000280,1,2023-01-14,2023-01-14,PL-WAW-01,,VM-CMP-0019,1,200.54,0.0,PLN
SO-2023-000281,1,2023-01-14,2023-01-14,PL-WAW-01,C000161,VM-ACC-0014,1,105.04,0.0,PLN
SO-2023-000281,2,2023-01-14,2023-01-14,PL-WAW-01,C000161,VM-BIK-0009,1,5386.19,0.0,PLN
SO-2023-000281,3,2023-01-14,2023-01-14,PL-WAW-01,C000161,VM-APP-0001,3,439.29,0.3,PLN
SO-2023-000282,1,2023-01-14,2023-01-14,PL-WAW-01,C000175,VM-NUT-0004,3,6.68,0.0,PLN
SO-2023-000282,2,2023-01-14,2023-01-14,PL-WAW-01,C000175,VM-ACC-0014,1,105.04,0.0,PLN
SO-2023-000283,1,2023-01-14,2023-01-14,PL-WAW-01,,VM-NUT-0007,9,12.41,0.0,PLN
SO-2023-000283,2,2023-01-14,2023-01-14,PL-WAW-01,,VM-APP-0002,1,420.19,0.3,PLN
SO-2023-000284,1,2023-01-14,2023-01-14,PL-WAW-01,C000176,VM-APP-0001,2,439.29,0.3,PLN
SO-2023-000285,1,2023-01-14,2023-01-14,PL-WAW-01,,VM-ACC-0018,3,47.74,0.0,PLN
SO-2023-000285,2,2023-01-14,2023-01-14,PL-WAW-01,,VM-APP-0001,2,439.29,0.3,PLN
SO-2023-000286,1,2023-01-14,2023-01-14,PL-WAW-02,C000177,VM-ACC-0014,1,105.04,0.0,PLN
SO-2023-000287,1,2023-01-14,2023-01-14,PL-WAW-02,,VM-APP-0020,1,171.89,0.3,PLN
SO-2023-000288,1,2023-01-14,2023-01-14,PL-WAW-02,C000178,VM-NUT-0010,1,33.42,0.0,PLN
SO-2023-000289,1,2023-01-14,2023-01-14,PL-WAW-02,,VM-ACC-0008,1,381.99,0.0,PLN
SO-2023-000290,1,2023-01-14,2023-01-14,PL-KRK-01,C000126,VM-BIK-0011,1,8260.74,0.0,PLN
SO-2023-000290,2,2023-01-14,2023-01-14,PL-KRK-01,C000126,VM-ACC-0006,2,907.24,0.0,PLN
SO-2023-000291,1,2023-01-14,2023-01-14,PL-KRK-01,C000023,VM-EBK-0011,1,13981.19,0.0,PLN
SO-2023-000292,1,2023-01-14,2023-01-14,PL-KRK-01,C000179,VM-APP-0007,1,152.79,0.3,PLN
SO-2023-000293,1,2023-01-14,2023-01-14,PL-WRO-01,C000139,VM-BIK-0002,4,9196.64,0.1,PLN
SO-2023-000293,2,2023-01-14,2023-01-14,PL-WRO-01,C000139,VM-BIK-0007,3,6732.74,0.1,PLN
SO-2023-000294,1,2023-01-14,2023-01-14,PL-WRO-01,C000157,VM-ACC-0014,1,105.04,0.0,PLN
SO-2023-000294,2,2023-01-14,2023-01-14,PL-WRO-01,C000157,VM-CMP-0020,2,248.29,0.0,PLN
SO-2023-000294,3,2023-01-14,2023-01-14,PL-WRO-01,C000157,VM-CMP-0016,2,2349.29,0.0,PLN
SO-2023-000294,4,2023-01-14,2023-01-14,PL-WRO-01,C000157,VM-BIK-0012,1,11278.54,0.0,PLN
SO-2023-000295,1,2023-01-14,2023-01-14,PL-WRO-01,C000051,VM-APP-0008,2,152.79,0.0,PLN
SO-2023-000295,2,2023-01-14,2023-01-14,PL-WRO-01,C000051,VM-BIK-0017,1,1824.04,0.05,PLN
SO-2023-000295,3,2023-01-14,2023-01-14,PL-WRO-01,C000051,VM-ACC-0012,1,68.75,0.0,PLN
SO-2023-000295,4,2023-01-14,2023-01-14,PL-WRO-01,C000051,VM-APP-0006,2,296.04,0.0,PLN
SO-2023-000296,1,2023-01-14,2023-01-14,PL-WRO-01,C000180,VM-APP-0013,1,420.19,0.3,PLN
SO-2023-000296,2,2023-01-14,2023-01-14,PL-WRO-01,C000180,VM-ACC-0008,2,381.99,0.0,PLN
SO-2023-000297,1,2023-01-14,2023-01-14,PL-GDN-01,C000181,VM-CMP-0019,3,200.54,0.0,PLN
SO-2023-000297,2,2023-01-14,2023-01-14,PL-GDN-01,C000181,VM-NUT-0006,12,9.54,0.0,PLN
SO-2023-000298,1,2023-01-14,2023-01-14,PL-GDN-01,C000129,VM-APP-0007,2,152.79,0.3,PLN
SO-2023-000298,2,2023-01-14,2023-01-14,PL-GDN-01,C000129,VM-ACC-0008,1,381.99,0.1,PLN
SO-2023-000299,1,2023-01-14,2023-01-17,PL-WEB-01,C000182,VM-NUT-0004,4,6.68,0.0,PLN
SO-2023-000300,1,2023-01-14,2023-01-16,PL-WEB-01,C000010,VM-ACC-0011,3,68.75,0.08,PLN
SO-2023-000300,2,2023-01-14,2023-01-16,PL-WEB-01,C000010,VM-NUT-0004,20,6.68,0.08,PLN
SO-2023-000301,1,2023-01-14,2023-01-18,PL-WEB-01,C000139,VM-APP-0002,9,420.19,0.12,PLN
SO-2023-000302,1,2023-01-14,2023-01-15,PL-WEB-01,C000074,VM-NUT-0007,8,12.41,0.0,PLN
SO-2023-000303,1,2023-01-14,2023-01-15,PL-WEB-01,C000010,VM-ACC-0021,3,744.89,0.1,PLN
SO-2023-000303,2,2023-01-14,2023-01-15,PL-WEB-01,C000010,VM-NUT-0004,20,6.68,0.08,PLN
SO-2023-000303,3,2023-01-14,2023-01-15,PL-WEB-01,C000010,VM-EBK-0003,2,8680.94,0.12,PLN
SO-2023-000304,1,2023-01-14,2023-01-15,PL-MKT-01,C000079,VM-BIK-0010,1,6035.59,0.05,PLN
SO-2023-000305,1,2023-01-14,2023-01-17,PL-MKT-01,C000026,VM-APP-0010,1,162.34,0.0,PLN
SO-2023-000305,2,2023-01-14,2023-01-17,PL-MKT-01,C000026,VM-APP-0013,1,420.19,0.3,PLN
SO-2023-000305,3,2023-01-14,2023-01-17,PL-MKT-01,C000026,VM-BIK-0001,1,13073.94,0.0,PLN
SO-2023-000306,1,2023-01-14,2023-01-18,PL-MKT-01,C000139,VM-ACC-0013,2,162.34,0.12,PLN
SO-2023-000306,2,2023-01-14,2023-01-18,PL-MKT-01,C000139,VM-NUT-0004,20,6.68,0.08,PLN
SO-2023-000307,1,2023-01-14,2023-01-17,PL-MKT-01,C000139,VM-APP-0016,5,582.54,0.3,PLN
SO-2023-000308,1,2023-01-14,2023-01-17,PL-MKT-01,C000183,VM-BIK-0019,1,1155.54,0.05,PLN
SO-2023-000309,1,2023-01-14,2023-01-18,PL-MKT-01,C000056,VM-NUT-0003,6,10.5,0.0,PLN
SO-2023-000309,2,2023-01-14,2023-01-18,PL-MKT-01,C000056,VM-ACC-0019,2,47.74,0.1,PLN
SO-2023-000309,3,2023-01-14,2023-01-18,PL-MKT-01,C000056,VM-APP-0001,1,439.29,0.0,PLN
SO-2023-000310,1,2023-01-14,2023-01-16,PL-MKT-01,C000129,VM-CMP-0004,1,687.59,0.0,PLN
SO-2023-000311,1,2023-01-14,2023-01-14,CZ-PRG-01,,VM-CMP-0018,1,302.0,0.0,CZK
SO-2023-000311,2,2023-01-14,2023-01-14,CZ-PRG-01,,VM-EBK-0003,1,44223.0,0.0,CZK
SO-2023-000311,3,2023-01-14,2023-01-14,CZ-PRG-01,,VM-BIK-0003,1,31817.0,0.0,CZK
SO-2023-000312,1,2023-01-14,2023-01-14,CZ-PRG-01,C000184,vm-app-0012,1,4233.0,0.0,CZK
SO-2023-000313,1,2023-01-14,2023-01-17,CZ-WEB-01,C000185,VM-EBK-0010,1,65629.0,0.0,CZK
SO-2023-000314,1,2023-01-14,2023-01-17,CZ-WEB-01,C000186,VM-CMP-0011,1,778.0,0.0,CZK
SO-2023-000315,1,2023-01-14,2023-01-18,CZ-WEB-01,C000187,VM-ACC-0018,1,243.0,0.0,CZK
SO-2023-000315,2,2023-01-14,2023-01-18,CZ-WEB-01,C000187,VM-CMP-0001,1,1946.0,0.0,CZK
SO-2023-000315,3,2023-01-14,2023-01-18,CZ-WEB-01,C000187,VM-APP-0014,1,2384.0,0.3,CZK
SO-2023-000315,4,2023-01-14,2023-01-18,CZ-WEB-01,C000187,VM-APP-0002,2,2141.0,0.3,CZK
SO-2023-000316,1,2023-01-14,2023-01-18,CZ-WEB-01,C000188,VM-ACC-0021,1,3795.0,0.1,CZK
SO-2023-000316,2,2023-01-14,2023-01-18,CZ-WEB-01,C000188,VM-CMP-0016,2,11968.0,0.0,CZK
SO-2023-000317,1,2023-01-14,2023-01-14,DE-BER-01,,VM-APP-0020,2,36.57,0.3,EUR
SO-2023-000317,2,2023-01-14,2023-01-14,DE-BER-01,,VM-APP-0007,2,32.51,0.05,EUR
SO-2023-000318,1,2023-01-14,2023-01-16,DE-WEB-01,C000189,VM-CMP-0016,2,499.87,0.0,EUR
SO-2023-000319,1,2023-01-14,2023-01-15,DE-WEB-01,C000108,VM-APP-0002,2,89.41,0.3,EUR
SO-2023-000320,1,2023-01-15,2023-01-19,PL-WEB-01,C000190,VM-ACC-0002,1,582.54,0.0,PLN
SO-2023-000321,1,2023-01-15,2023-01-17,PL-WEB-01,C000191,VM-ACC-0014,1,105.04,0.0,PLN
SO-2023-000321,2,2023-01-15,2023-01-17,PL-WEB-01,C000191,VM-APP-0002,1,420.19,0.3,PLN
SO-2023-000322,1,2023-01-15,2023-01-19,PL-MKT-01,C000178,VM-CMP-0014,2,410.64,0.0,PLN
SO-2023-000323,1,2023-01-15,2023-01-17,PL-MKT-01,C000080,VM-BIK-0020,4,1155.54,0.08,PLN
SO-2023-000323,2,2023-01-15,2023-01-17,PL-MKT-01,C000080,VM-CMP-0013,2,506.14,0.08,PLN
SO-2023-000323,3,2023-01-15,2023-01-17,PL-MKT-01,C000080,VM-NUT-0001,10,8.59,0.12,PLN
SO-2023-000323,4,2023-01-15,2023-01-17,PL-MKT-01,C000080,VM-BIK-0005,4,7076.54,0.1,PLN
SO-2023-000324,1,2023-01-15,2023-01-19,DE-WEB-01,C000192,VM-APP-0006,2,62.99,0.0,EUR
SO-2023-000324,2,2023-01-15,2023-01-19,DE-WEB-01,C000192,VM-NUT-0002,15,3.05,0.0,EUR
SO-2023-000325,1,2023-01-15,2023-01-17,DE-WEB-01,C000133,VM-CMP-0013,2,107.69,0.0,EUR
SO-2023-000325,2,2023-01-15,2023-01-17,DE-WEB-01,C000133,VM-APP-0004,1,48.77,0.3,EUR
SO-2023-000326,1,2023-01-15,2023-01-19,DE-WEB-01,C000193, VM-NUT-0002 ,5,3.05,0.05,EUR
SO-2023-000326,2,2023-01-15,2023-01-19,DE-WEB-01,C000193,VM-APP-0007,2,32.51,0.3,EUR
SO-2023-000327,1,2023-01-15,2023-01-17,DE-WEB-01,C000194,VM-ACC-0018,3,10.16,0.05,EUR
SO-2023-000327,2,2023-01-15,2023-01-17,DE-WEB-01,C000194,VM-CMP-0019,3,42.67,0.05,EUR
SO-2023-000327,3,2023-01-15,2023-01-17,DE-WEB-01,C000194,VM-ACC-0008,2,81.28,0.05,EUR
SO-2023-000327,4,2023-01-15,2023-01-17,DE-WEB-01,C000194,VM-NUT-0011,3,10.97,0.05,EUR
SO-2023-000328,1,2023-01-15,2023-01-17,DE-WEB-01,C000148,VM-ACC-0014,1,22.35,0.05,EUR
SO-2023-000329,1,2023-01-16,2023-01-16,PL-WAW-01,C000065,VM-APP-0014,1,467.94,0.3,PLN
SO-2023-000329,2,2023-01-16,2023-01-16,PL-WAW-01,C000065,VM-APP-0006,2,296.04,0.3,PLN
SO-2023-000329,3,2023-01-16,2023-01-16,PL-WAW-01,C000065,VM-BIK-0004,1,4077.84,0.0,PLN
SO-2023-000330,1,2023-01-16,2023-01-16,PL-KRK-01,C000055,VM-APP-0001,3,439.29,0.3,PLN
SO-2023-000330,2,2023-01-16,2023-01-16,PL-KRK-01,C000055,VM-NUT-0007,3,12.41,0.0,PLN
SO-2023-000330,3,2023-01-16,2023-01-16,PL-KRK-01,C000055,VM-CMP-0009,1,334.24,0.0,PLN
SO-2023-000331,1,2023-01-16,2023-01-16,PL-KRK-01,C000181,VM-CMP-0019,2,200.54,0.0,PLN
SO-2023-000332,1,2023-01-16,2023-01-16,PL-KRK-01,C000195,VM-APP-0010,2,162.34,0.0,PLN
SO-2023-000333,1,2023-01-16,2023-01-16,PL-GDN-01,C000196,vm-cmp-0015,1,878.59,0.05,PLN
SO-2023-000334,1,2023-01-16,2023-01-20,PL-WEB-01,C000197,VM-APP-0002,1,420.19,0.3,PLN
SO-2023-000335,1,2023-01-16,2023-01-18,PL-WEB-01,C000159,VM-NUT-0004,4,6.68,0.05,PLN
SO-2023-000335,2,2023-01-16,2023-01-18,PL-WEB-01,C000159,VM-APP-0015,1,544.34,0.3,PLN
SO-2023-000336,1,2023-01-16,2023-01-20,PL-WEB-01,C000010,VM-APP-0019,3,63.02,0.08,PLN
SO-2023-000336,2,2023-01-16,2023-01-20,PL-WEB-01,C000010,VM-ACC-0019,8,47.74,0.12,PLN
SO-2023-000336,3,2023-01-16,2023-01-20,PL-WEB-01,C000010,VM-CMP-0014,5,410.64,0.1,PLN
SO-2023-000336,4,2023-01-16,2023-01-20,PL-WEB-01,C000010,VM-APP-0020,10,171.89,0.08,PLN
SO-2023-000337,1,2023-01-16,2023-01-20,PL-WEB-01,C000095,VM-NUT-0009,1,81.17,0.0,PLN
SO-2023-000337,2,2023-01-16,2023-01-20,PL-WEB-01,C000095,VM-EBK-0002,1,9502.24,0.0,PLN
SO-2023-000337,3,2023-01-16,2023-01-20,PL-WEB-01,C000095,VM-ACC-0014,1,105.04,0.0,PLN
SO-2023-000337,4,2023-01-16,2023-01-20,PL-WEB-01,C000095,VM-NUT-0004,6,6.68,0.0,PLN
SO-2023-000338,1,2023-01-16,2023-01-19,PL-WEB-01,C000198,VM-NUT-0009,3,81.17,0.0,PLN
SO-2023-000338,2,2023-01-16,2023-01-19,PL-WEB-01,C000198,VM-ACC-0008,2,381.99,0.0,PLN
SO-2023-000338,3,2023-01-16,2023-01-19,PL-WEB-01,C000198,VM-EBK-0009,1,9464.04,0.0,PLN
SO-2023-000339,1,2023-01-16,2023-01-17,PL-MKT-01,C000199,VM-ACC-0008,2,381.99,0.0,PLN
SO-2023-000340,1,2023-01-16,2023-01-17,PL-MKT-01,C000200,VM-ACC-0014,1,105.04,0.0,PLN
SO-2023-000341,1,2023-01-16,2023-01-18,PL-MKT-01,C000065,VM-APP-0015,1,544.34,0.3,PLN
SO-2023-000342,1,2023-01-16,2023-01-17,PL-MKT-01,C000065,VM-NUT-0004,15,6.68,0.0,PLN
SO-2023-000342,2,2023-01-16,2023-01-17,PL-MKT-01,C000065,VM-EBK-0007,1,14038.49,0.0,PLN
SO-2023-000342,3,2023-01-16,2023-01-17,PL-MKT-01,C000065,VM-ACC-0018,3,47.74,0.0,PLN
SO-2023-000342,4,2023-01-16,2023-01-17,PL-MKT-01,C000065,VM-NUT-0006,9,9.54,0.0,PLN
SO-2023-000343,1,2023-01-16,2023-01-16,CZ-PRG-01,,VM-ACC-0008,1,1946.0,0.0,CZK
SO-2023-000343,2,2023-01-16,2023-01-16,CZ-PRG-01,,VM-CMP-0010,1,1897.0,0.0,CZK
SO-2023-000343,3,2023-01-16,2023-01-16,CZ-PRG-01,,VM-BIK-0019,1,5887.0,0.0,CZK
SO-2023-000344,1,2023-01-16,2023-01-16,CZ-PRG-01,C000201,VM-NUT-0001,10,44.0,0.0,CZK
SO-2023-000345,1,2023-01-16,2023-01-18,CZ-WEB-01,C000202, VM-NUT-0009 ,2,413.0,0.0,CZK
SO-2023-000345,2,2023-01-16,2023-01-18,CZ-WEB-01,C000202,VM-APP-0013,1,2141.0,0.3,CZK
SO-2023-000345,3,2023-01-16,2023-01-18,CZ-WEB-01,C000202,VM-ACC-0021,1,3795.0,0.0,CZK
SO-2023-000346,1,2023-01-16,2023-01-19,CZ-WEB-01,C000203,VM-ACC-0008,2,1946.0,0.0,CZK
SO-2023-000346,2,2023-01-16,2023-01-19,CZ-WEB-01,C000203,VM-NUT-0001,15,44.0,0.0,CZK
SO-2023-000346,3,2023-01-16,2023-01-19,CZ-WEB-01,C000203,VM-APP-0002,1,2141.0,0.0,CZK
SO-2023-000347,1,2023-01-16,2023-01-19,CZ-WEB-01,C000204,VM-ACC-0008,1,1946.0,0.0,CZK
SO-2023-000347,2,2023-01-16,2023-01-19,CZ-WEB-01,C000204,VM-NUT-0001,8,44.0,0.0,CZK
SO-2023-000348,1,2023-01-16,2023-01-18,CZ-WEB-01,C000107,VM-CMP-0004,1,3503.0,0.0,CZK
SO-2023-000348,2,2023-01-16,2023-01-18,CZ-WEB-01,C000107,VM-BIK-0016,1,17465.0,0.0,CZK
SO-2023-000349,1,2023-01-16,2023-01-16,DE-BER-01,C000205,VM-APP-0018,1,26.41,0.0,EUR
SO-2023-000349,2,2023-01-16,2023-01-16,DE-BER-01,C000205,VM-APP-0019,2,13.41,0.0,EUR
SO-2023-000349,3,2023-01-16,2023-01-16,DE-BER-01,C000205,VM-CMP-0014,1,87.37,0.1,EUR
SO-2023-000349,4,2023-01-16,2023-01-16,DE-BER-01,C000205,VM-APP-0002,1,89.41,0.3,EUR
SO-2023-000350,1,2023-01-16,2023-01-16,DE-BER-01,C000123,VM-NUT-0005,11,1.83,0.0,EUR
SO-2023-000351,1,2023-01-16,2023-01-19,DE-WEB-01,C000153,VM-APP-0010,2,34.54,0.3,EUR
SO-2023-000351,2,2023-01-16,2023-01-19,DE-WEB-01,C000153,VM-ACC-0008,1,81.28,0.05,EUR
SO-2023-000351,3,2023-01-16,2023-01-19,DE-WEB-01,C000153,VM-ACC-0012,1,14.63,0.05,EUR
SO-2023-000352,1,2023-01-16,2023-01-17,DE-WEB-01,C000206,VM-ACC-0008,2,81.28,0.05,EUR
SO-2023-000352,2,2023-01-16,2023-01-17,DE-WEB-01,C000206,VM-APP-0005,1,36.57,0.3,EUR
SO-2023-000352,3,2023-01-16,2023-01-17,DE-WEB-01,C000206,VM-BIK-0021,1,254.0,0.05,EUR
SO-2023-000353,1,2023-01-16,2023-01-19,DE-WEB-01,C000149,VM-APP-0009,2,71.12,0.3,EUR
SO-2023-000353,2,2023-01-16,2023-01-19,DE-WEB-01,C000149,VM-BIK-0020,1,245.87,0.0,EUR
SO-2023-000353,3,2023-01-16,2023-01-19,DE-WEB-01,C000149,VM-NUT-0003,10,2.23,0.0,EUR
SO-2023-000353,4,2023-01-16,2023-01-19,DE-WEB-01,C000149,VM-CMP-0013,1,107.69,0.0,EUR
SO-2023-000354,1,2023-01-16,2023-01-18,DE-WEB-01,C000193,VM-APP-0008,2,32.51,0.05,EUR
SO-2023-000355,1,2023-01-17,2023-01-17,PL-WAW-01,C000207,VM-NUT-0004,13,6.68,0.0,PLN
SO-2023-000355,2,2023-01-17,2023-01-17,PL-WAW-01,C000207,VM-CMP-0017,1,477.49,0.0,PLN
SO-2023-000355,3,2023-01-17,2023-01-17,PL-WAW-01,C000207,VM-ACC-0014,1,105.04,0.0,PLN
SO-2023-000356,1,2023-01-17,2023-01-17,PL-WAW-01,C000208,VM-APP-0001,3,439.29,0.0,PLN
SO-2023-000356,2,2023-01-17,2023-01-17,PL-WAW-01,C000208,VM-APP-0013,1,420.19,0.0,PLN
SO-2023-000357,1,2023-01-17,2023-01-17,PL-WAW-02,C000200,VM-BIK-0017,1,1824.04,0.0,PLN
SO-2023-000358,1,2023-01-17,2023-01-17,PL-KRK-01,C000209,VM-ACC-0018,2,47.74,0.0,PLN
SO-2023-000359,1,2023-01-17,2023-01-17,PL-KRK-01,C000176,VM-NUT-0004,10,6.68,0.0,PLN
SO-2023-000359,2,2023-01-17,2023-01-17,PL-KRK-01,C000176,VM-ACC-0015,1,334.24,0.0,PLN
SO-2023-000360,1,2023-01-17,2023-01-17,PL-WRO-01,,VM-CMP-0020,2,248.29,0.0,PLN
SO-2023-000360,2,2023-01-17,2023-01-17,PL-WRO-01,,VM-ACC-0020,1,773.54,0.0,PLN
SO-2023-000361,1,2023-01-17,2023-01-18,PL-WEB-01,C000111,VM-NUT-0010,5,33.42,0.08,PLN
SO-2023-000361,2,2023-01-17,2023-01-18,PL-WEB-01,C000111,VM-CMP-0004,10,687.59,0.1,PLN
SO-2023-000362,1,2023-01-17,2023-01-21,PL-WEB-01,C000210,VM-ACC-0007,1,343.79,0.0,PLN
SO-2023-000362,2,2023-01-17,2023-01-21,PL-WEB-01,C000210,VM-ACC-0020,1,773.54,0.0,PLN
SO-2023-000363,1,2023-01-17,2023-01-19,PL-WEB-01,C000166,VM-APP-0008,1,152.79,0.3,PLN
SO-2023-000363,2,2023-01-17,2023-01-19,PL-WEB-01,C000166,VM-APP-0012,1,830.84,0.3,PLN
SO-2023-000363,3,2023-01-17,2023-01-19,PL-WEB-01,C000166,VM-ACC-0022,1,1499.34,0.0,PLN
SO-2023-000364,1,2023-01-17,2023-01-21,PL-WEB-01,C000020,VM-NUT-0011,2,51.56,0.0,PLN
SO-2023-000364,2,2023-01-17,2023-01-21,PL-WEB-01,C000020,VM-ACC-0008,1,381.99,0.0,PLN
SO-2023-000365,1,2023-01-17,2023-01-21,PL-WEB-01,C000079,VM-CMP-0002,2,534.79,0.0,PLN
SO-2023-000366,1,2023-01-17,2023-01-20,PL-WEB-01,C000181, VM-NUT-0009 ,2,81.17,0.0,PLN
SO-2023-000367,1,2023-01-17,2023-01-21,PL-WEB-01,C000211,VM-NUT-0004,13,6.68,0.0,PLN
SO-2023-000367,2,2023-01-17,2023-01-21,PL-WEB-01,C000211,VM-NUT-0002,9,14.32,0.0,PLN
SO-2023-000368,1,2023-01-17,2023-01-21,PL-MKT-01,C000169,VM-CMP-0023,2,56.34,0.1,PLN
SO-2023-000369,1,2023-01-17,2023-01-19,PL-MKT-01,C000135,vm-bik-0020,4,1155.54,0.1,PLN
SO-2023-000370,1,2023-01-17,2023-01-17,CZ-PRG-01,C000077,VM-NUT-0007,10,63.0,0.0,CZK
SO-2023-000371,1,2023-01-17,2023-01-21,CZ-WEB-01,C000070,VM-NUT-0003,8,53.0,0.0,CZK
SO-2023-000371,2,2023-01-17,2023-01-21,CZ-WEB-01,C000070,VM-ACC-0006,1,4622.0,0.0,CZK
SO-2023-000372,1,2023-01-17,2023-01-19,CZ-WEB-01,C000212,VM-ACC-0018,1,243.0,0.0,CZK
SO-2023-000373,1,2023-01-17,2023-01-20,DE-WEB-01,C000206,VM-CMP-0021,4,9.75,0.05,EUR
SO-2023-000374,1,2023-01-17,2023-01-21,DE-WEB-01,C000189,VM-NUT-0009,3,17.27,0.0,EUR
SO-2023-000374,2,2023-01-17,2023-01-21,DE-WEB-01,C000189,VM-NUT-0001,10,1.83,0.0,EUR
SO-2023-000374,3,2023-01-17,2023-01-21,DE-WEB-01,C000189,VM-CMP-0020,3,52.83,0.0,EUR
SO-2023-000375,1,2023-01-18,2023-01-18,PL-WAW-01,,VM-BIK-0015,1,2950.94,0.0,PLN
SO-2023-000376,1,2023-01-18,2023-01-18,PL-WAW-01,,VM-BIK-0013,1,4583.99,0.0,PLN
SO-2023-000377,1,2023-01-18,2023-01-18,PL-WAW-02,C000048, VM-APP-0002 ,2,420.19,0.3,PLN
SO-2023-000377,2,2023-01-18,2023-01-18,PL-WAW-02,C000048,VM-ACC-0003,2,276.94,0.0,PLN
SO-2023-000377,3,2023-01-18,2023-01-18,PL-WAW-02,C000048,VM-NUT-0003,10,10.5,0.0,PLN
SO-2023-000378,1,2023-01-18,2023-01-18,PL-WRO-01,C000213,VM-NUT-0006,9,9.54,0.0,PLN
SO-2023-000378,2,2023-01-18,2023-01-18,PL-WRO-01,C000213,VM-APP-0010,2,162.34,0.0,PLN
SO-2023-000378,3,2023-01-18,2023-01-18,PL-WRO-01,C000213, VM-CMP-0009 ,1,334.24,0.0,PLN
SO-2023-000379,1,2023-01-18,2023-01-18,PL-WRO-01,C000129,VM-ACC-0014,1,105.04,0.0,PLN
SO-2023-000380,1,2023-01-18,2023-01-18,PL-WRO-01,C000086,VM-CMP-0010,1,372.44,0.0,PLN
SO-2023-000380,2,2023-01-18,2023-01-18,PL-WRO-01,C000086,VM-APP-0010,2,162.34,0.3,PLN
SO-2023-000380,3,2023-01-18,2023-01-18,PL-WRO-01,C000086,vm-nut-0002,7,14.32,0.0,PLN
SO-2023-000381,1,2023-01-18,2023-01-21,PL-WEB-01,C000176,VM-NUT-0004,11,6.68,0.0,PLN
SO-2023-000382,1,2023-01-18,2023-01-22,PL-WEB-01,C000214,VM-CMP-0016,2,2349.29,0.0,PLN
SO-2023-000382,2,2023-01-18,2023-01-22,PL-WEB-01,C000214,VM-NUT-0006,8,9.54,0.0,PLN
SO-2023-000382,3,2023-01-18,2023-01-22,PL-WEB-01,C000214,VM-APP-0002,2,420.19,0.0,PLN
SO-2023-000383,1,2023-01-18,2023-01-22,PL-MKT-01,C000215,vm-app-0002,3,420.19,0.3,PLN
SO-2023-000383,2,2023-01-18,2023-01-22,PL-MKT-01,C000215,VM-APP-0014,1,467.94,0.3,PLN
SO-2023-000384,1,2023-01-18,2023-01-21,PL-MKT-01,C000050,VM-CMP-0018,4,59.2,0.05,PLN
SO-2023-000385,1,2023-01-18,2023-01-22,PL-MKT-01,C000216,VM-ACC-0008,1,381.99,0.0,PLN
SO-2023-000385,2,2023-01-18,2023-01-22,PL-MKT-01,C000216,VM-EBK-0003,1,8680.94,0.0,PLN
SO-2023-000386,1,2023-01-18,2023-01-22,PL-MKT-01,C000217,VM-BIK-0007,1,6732.74,0.0,PLN
SO-2023-000386,2,2023-01-18,2023-01-22,PL-MKT-01,C000217,VM-NUT-0003,3,10.5,0.0,PLN
SO-2023-000386,3,2023-01-18,2023-01-22,PL-MKT-01,C000217,VM-APP-0010,2,162.34,0.3,PLN
SO-2023-000386,4,2023-01-18,2023-01-22,PL-MKT-01,C000217,VM-ACC-0017,2,55.38,0.0,PLN
SO-2023-000387,1,2023-01-18,2023-01-21,CZ-WEB-01,C000203,VM-CMP-0022,4,175.0,0.0,CZK
SO-2023-000388,1,2023-01-18,2023-01-18,DE-BER-01,,VM-CMP-0001,1,81.28,0.0,EUR
SO-2023-000389,1,2023-01-18,2023-01-21,DE-WEB-01,C000218,VM-NUT-0005,8,1.83,0.0,EUR
SO-2023-000390,1,2023-01-18,2023-01-22,DE-WEB-01,C000219,VM-NUT-0011,4,10.97,0.0,EUR
SO-2023-000391,1,2023-01-18,2023-01-19,DE-WEB-01,C000220,VM-NUT-0011,2,10.97,0.0,EUR
SO-2023-000391,2,2023-01-18,2023-01-19,DE-WEB-01,C000220,VM-ACC-0009,1,81.28,0.0,EUR
SO-2023-000391,3,2023-01-18,2023-01-19,DE-WEB-01,C000220,VM-APP-0017,1,38.61,0.0,EUR
SO-2023-000391,4,2023-01-18,2023-01-19,DE-WEB-01,C000220,VM-APP-0013,1,89.41,0.3,EUR
SO-2023-000392,1,2023-01-19,2023-01-19,PL-WAW-01,C000198,VM-APP-0008,1,152.79,0.3,PLN
SO-2023-000393,1,2023-01-19,2023-01-19,PL-WAW-01,,VM-APP-0001,3,439.29,0.0,PLN
SO-2023-000394,1,2023-01-19,2023-01-19,PL-WAW-01,C000221,VM-APP-0002,2,420.19,0.0,PLN
SO-2023-000394,2,2023-01-19,2023-01-19,PL-WAW-01,C000221,VM-CMP-0016,2,2349.29,0.0,PLN
SO-2023-000394,3,2023-01-19,2023-01-19,PL-WAW-01,C000221,VM-EBK-0009,1,9464.04,0.0,PLN
SO-2023-000394,4,2023-01-19,2023-01-19,PL-WAW-01,C000221,VM-ACC-0001,1,362.89,0.0,PLN
SO-2023-000395,1,2023-01-19,2023-01-19,PL-WAW-02,C000222,VM-APP-0018,2,124.14,0.3,PLN
SO-2023-000395,2,2023-01-19,2023-01-19,PL-WAW-02,C000222,VM-APP-0014,1,467.94,0.0,PLN
SO-2023-000396,1,2023-01-19,2023-01-19,PL-WRO-01,C000027,VM-CMP-0020,3,248.29,0.0,PLN
SO-2023-000397,1,2023-01-19,2023-01-19,PL-WRO-01,,VM-APP-0006,1,296.04,0.0,PLN
SO-2023-000398,1,2023-01-19,2023-01-19,PL-WRO-01,C000080,VM-CMP-0009,10,334.24,0.08,PLN
SO-2023-000399,1,2023-01-19,2023-01-19,PL-GDN-01,,VM-EBK-0003,1,8680.94,0.0,PLN
SO-2023-000400,1,2023-01-19,2023-01-19,PL-GDN-01,C000176,VM-CMP-0012,1,515.69,0.0,PLN
SO-2023-000401,1,2023-01-19,2023-01-23,PL-WEB-01,C000197,VM-CMP-0001,2,381.99,0.0,PLN
SO-2023-000401,2,2023-01-19,2023-01-23,PL-WEB-01,C000197,VM-ACC-0008,1,381.99,0.0,PLN
SO-2023-000402,1,2023-01-19,2023-01-23,PL-WEB-01,C000223,VM-CMP-0013,1,506.14,0.0,PLN
SO-2023-000402,2,2023-01-19,2023-01-23,PL-WEB-01,C000223,VM-BIK-0019,1,1155.54,0.0,PLN
SO-2023-000403,1,2023-01-19,2023-01-20,PL-WEB-01,C000022,VM-APP-0018,2,124.14,0.3,PLN
SO-2023-000403,2,2023-01-19,2023-01-20,PL-WEB-01,C000022,VM-BIK-0003,1,6245.69,0.0,PLN
SO-2023-000404,1,2023-01-19,2023-01-20,PL-WEB-01,C000198,VM-OLD-0999,2,381.99,0.0,PLN
SO-2023-000405,1,2023-01-19,2023-01-20,PL-WEB-01,C000063,VM-ACC-0019,3,47.74,0.1,PLN
SO-2023-000406,1,2023-01-19,2023-01-22,PL-MKT-01,C000026,VM-ACC-0002,2,582.54,0.0,PLN
SO-2023-000407,1,2023-01-19,2023-01-23,PL-MKT-01,C000224,VM-APP-0002,1,420.19,0.0,PLN
SO-2023-000408,1,2023-01-19,2023-01-20,PL-MKT-01,C000140,VM-ACC-0009,2,381.99,0.0,PLN
SO-2023-000409,1,2023-01-19,2023-01-20,PL-MKT-01,C000225,VM-ACC-0001,5,362.89,0.12,PLN
SO-2023-000410,1,2023-01-19,2023-01-21,CZ-WEB-01,C000087,VM-ACC-0022,1,7638.0,0.0,CZK
SO-2023-000410,2,2023-01-19,2023-01-21,CZ-WEB-01,C000087,VM-EBK-0009,1,48212.0,0.0,CZK
SO-2023-000410,3,2023-01-19,2023-01-21,CZ-WEB-01,C000087,VM-APP-0014,1,2384.0,0.3,CZK
SO-2023-000410,4,2023-01-19,2023-01-21,CZ-WEB-01,C000087,VM-APP-0002,2,2141.0,0.3,CZK
SO-2023-000411,1,2023-01-19,2023-01-23,CZ-WEB-01,C000184,VM-NUT-0001,10,44.0,0.0,CZK
SO-2023-000411,2,2023-01-19,2023-01-23,CZ-WEB-01,C000184,VM-ACC-0008,1,1946.0,0.0,CZK
SO-2023-000411,3,2023-01-19,2023-01-23,CZ-WEB-01,C000184,VM-CMP-0010,1,1897.0,0.0,CZK
SO-2023-000412,1,2023-01-19,2023-01-22,CZ-WEB-01,C000226,VM-ACC-0014,1,535.0,0.0,CZK
SO-2023-000412,2,2023-01-19,2023-01-22,CZ-WEB-01,C000226,VM-APP-0001,1,2238.0,0.05,CZK
SO-2023-000412,3,2023-01-19,2023-01-22,CZ-WEB-01,C000226,VM-APP-0020,1,876.0,0.3,CZK
SO-2023-000412,4,2023-01-19,2023-01-22,CZ-WEB-01,C000226,VM-BIK-0003,1,31817.0,0.0,CZK
SO-2023-000413,1,2023-01-19,2023-01-21,CZ-WEB-01,C000077,VM-APP-0013,1,2141.0,0.0,CZK
SO-2023-000414,1,2023-01-19,2023-01-21,CZ-WEB-01,C000186,VM-ACC-0008,2,1946.0,0.1,CZK
SO-2023-000415,1,2023-01-19,2023-01-19,DE-BER-01,C000220,VM-APP-0002,3,89.41,0.3,EUR
SO-2023-000416,1,2023-01-19,2023-01-22,DE-WEB-01,C000062,VM-NUT-0006,6,2.03,0.0,EUR
SO-2023-000417,1,2023-01-20,2023-01-20,PL-WAW-01,C000222,VM-ACC-0014,1,105.04,0.05,PLN
SO-2023-000417,2,2023-01-20,2023-01-20,PL-WAW-01,C000222,VM-EBK-0006,1,19233.69,0.05,PLN
SO-2023-000418,1,2023-01-20,2023-01-20,PL-WAW-01,C000227,VM-ACC-0007,2,343.79,0.0,PLN
SO-2023-000418,2,2023-01-20,2023-01-20,PL-WAW-01,C000227,VM-APP-0019,2,63.02,0.0,PLN
SO-2023-000418,3,2023-01-20,2023-01-20,PL-WAW-01,C000227,VM-BIK-0009,1,5386.19,0.0,PLN
SO-2023-000419,1,2023-01-20,2023-01-20,PL-WAW-01,C000228,VM-APP-0008,1,152.79,0.3,PLN
SO-2023-000419,2,2023-01-20,2023-01-20,PL-WAW-01,C000228,VM-ACC-0018,3,47.74,0.0,PLN
SO-2023-000420,1,2023-01-20,2023-01-20,PL-WAW-01,C000053,VM-BIK-0004,1,4077.84,0.0,PLN
SO-2023-000421,1,2023-01-20,2023-01-20,PL-WAW-02,,VM-NUT-0002,13,14.32,0.0,PLN
SO-2023-000422,1,2023-01-20,2023-01-20,PL-WAW-02,C000214,VM-ACC-0021,1,744.89,0.0,PLN
SO-2023-000422,2,2023-01-20,2023-01-20,PL-WAW-02,C000214,VM-NUT-0001,5,8.59,0.0,PLN
SO-2023-000423,1,2023-01-20,2023-01-20,PL-KRK-01,,VM-APP-0017,1,181.44,0.3,PLN
SO-2023-000424,1,2023-01-20,2023-01-20,PL-KRK-01,C000069,VM-CMP-0013,2,506.14,0.0,PLN
SO-2023-000424,2,2023-01-20,2023-01-20,PL-KRK-01,C000069,VM-CMP-0017,1,477.49,0.0,PLN
SO-2023-000424,3,2023-01-20,2023-01-20,PL-KRK-01,C000069,VM-ACC-0003,2,276.94,0.0,PLN
SO-2023-000424,4,2023-01-20,2023-01-20,PL-KRK-01,C000069,VM-CMP-0016,1,2349.29,0.0,PLN
SO-2023-000425,1,2023-01-20,2023-01-20,PL-KRK-01,C000214,VM-ACC-0008,2,381.99,0.0,PLN
SO-2023-000426,1,2023-01-20,2023-01-20,PL-WRO-01,,VM-APP-0010,2,162.34,0.3,PLN
SO-2023-000427,1,2023-01-20,2023-01-20,PL-GDN-01,C000093,VM-CMP-0011,2,152.79,0.0,PLN
SO-2023-000427,2,2023-01-20,2023-01-20,PL-GDN-01,C000093,VM-ACC-0008,2,381.99,0.0,PLN
SO-2023-000428,1,2023-01-20,2023-01-20,PL-GDN-01,C000139,VM-APP-0002,8,420.19,0.3,PLN
SO-2023-000428,2,2023-01-20,2023-01-20,PL-GDN-01,C000139,VM-NUT-0009,9,81.17,0.08,PLN
SO-2023-000429,1,2023-01-20,2023-01-20,PL-GDN-01,C000214,VM-BIK-0018,1,2291.99,0.0,PLN
SO-2023-000429,2,2023-01-20,2023-01-20,PL-GDN-01,C000214,VM-ACC-0008,2,381.99,0.0,PLN
SO-2023-000430,1,2023-01-20,2023-01-21,PL-WEB-01,C000229,VM-ACC-0020,5,773.54,0.12,PLN
SO-2023-000430,2,2023-01-20,2023-01-21,PL-WEB-01,C000229,VM-APP-0013,3,420.19,0.3,PLN
SO-2023-000431,1,2023-01-20,2023-01-24,PL-WEB-01,C000198,VM-CMP-0008,2,420.19,0.0,PLN
SO-2023-000431,2,2023-01-20,2023-01-24,PL-WEB-01,C000198,VM-ACC-0020,1,773.54,0.0,PLN
SO-2023-000432,1,2023-01-20,2023-01-24,PL-WEB-01,C000230,VM-BIK-0008,1,5071.04,0.0,PLN
SO-2023-000432,2,2023-01-20,2023-01-24,PL-WEB-01,C000230,VM-ACC-0008,2,381.99,0.0,PLN
SO-2023-000432,3,2023-01-20,2023-01-24,PL-WEB-01,C000230,VM-ACC-0013,1,162.34,0.0,PLN
SO-2023-000433,1,2023-01-20,2023-01-20,CZ-PRG-01,C000231,VM-CMP-0019,2,1022.0,0.0,CZK
SO-2023-000433,2,2023-01-20,2023-01-20,CZ-PRG-01,C000231,VM-NUT-0004,4,34.0,0.0,CZK
SO-2023-000433,3,2023-01-20,2023-01-20,CZ-PRG-01,C000231,VM-APP-0010,1,827.0,0.3,CZK
SO-2023-000433,4,2023-01-20,2023-01-20,CZ-PRG-01,C000231,VM-ACC-0002,2,2968.0,0.0,CZK
SO-2023-000434,1,2023-01-20,2023-01-24,CZ-WEB-01,C000070,VM-APP-0005,3,876.0,0.3,CZK
SO-2023-000435,1,2023-01-20,2023-01-24,CZ-WEB-01,C000232,VM-NUT-0002,8,73.0,0.05,CZK
SO-2023-000436,1,2023-01-20,2023-01-20,DE-BER-01,,VM-NUT-0001,7,1.83,0.0,EUR
SO-2023-000436,2,2023-01-20,2023-01-20,DE-BER-01,,VM-CMP-0015,1,186.94,0.0,EUR
SO-2023-000436,3,2023-01-20,2023-01-20,DE-BER-01,,VM-CMP-0013,1,107.69,0.0,EUR
SO-2023-000437,1,2023-01-20,2023-01-20,DE-BER-01,C000233,VM-BIK-0012,1,2399.79,0.0,EUR
SO-2023-000437,2,2023-01-20,2023-01-20,DE-BER-01,C000233,VM-NUT-0004,11,1.42,0.0,EUR
SO-2023-000437,3,2023-01-20,2023-01-20,DE-BER-01,C000233,VM-ACC-0007,2,73.15,0.0,EUR
SO-2023-000438,1,2023-01-20,2023-01-21,DE-WEB-01,C000234,VM-NUT-0001,4,1.83,0.0,EUR
SO-2023-000439,1,2023-01-21,2023-01-21,PL-WAW-01,C000128,VM-ACC-0014,1,105.04,0.0,PLN
SO-2023-000440,1,2023-01-21,2023-01-21,PL-WAW-02,,VM-CMP-0010,1,372.44,0.0,PLN
SO-2023-000441,1,2023-01-21,2023-01-21,PL-WAW-02,C000235,VM-APP-0007,1,152.79,0.3,PLN
SO-2023-000442,1,2023-01-21,2023-01-21,PL-WAW-02,C000236,VM-APP-0001,1,439.29,0.3,PLN
SO-2023-000443,1,2023-01-21,2023-01-21,PL-KRK-01,,VM-ACC-0008,2,381.99,0.0,PLN
SO-2023-000444,1,2023-01-21,2023-01-21,PL-KRK-01,C000237,VM-CMP-0013,2,506.14,0.05,PLN
SO-2023-000444,2,2023-01-21,2023-01-21,PL-KRK-01,C000237,VM-ACC-0018,2,47.74,0.05,PLN
SO-2023-000445,1,2023-01-21,2023-01-22,PL-WEB-01,C000181,VM-BIK-0019,1,1155.54,0.0,PLN
SO-2023-000445,2,2023-01-21,2023-01-22,PL-WEB-01,C000181,VM-ACC-0007,2,343.79,0.0,PLN
SO-2023-000445,3,2023-01-21,2023-01-22,PL-WEB-01,C000181,VM-APP-0008,1,152.79,0.3,PLN
SO-2023-000446,1,2023-01-21,2023-01-24,PL-WEB-01,C000238,VM-NUT-0004,3,6.68,0.0,PLN
SO-2023-000446,2,2023-01-21,2023-01-24,PL-WEB-01,C000238,VM-ACC-0021,1,744.89,0.0,PLN
SO-2023-000447,1,2023-01-21,2023-01-23,PL-WEB-01,C000239,VM-EBK-0008,1,14420.49,0.05,PLN
SO-2023-000448,1,2023-01-21,2023-01-22,PL-WEB-01,C000240,VM-NUT-0006,7,9.54,0.0,PLN
SO-2023-000448,2,2023-01-21,2023-01-22,PL-WEB-01,C000240,VM-NUT-0009,1,81.17,0.0,PLN
SO-2023-000449,1,2023-01-21,2023-01-22,PL-WEB-01,C000241,VM-APP-0012,1,830.84,0.3,PLN
SO-2023-000449,2,2023-01-21,2023-01-22,PL-WEB-01,C000241,VM-APP-0002,1,420.19,0.0,PLN
SO-2023-000450,1,2023-01-21,2023-01-22,PL-MKT-01,C000166,VM-CMP-0011,2,152.79,0.0,PLN
SO-2023-000451,1,2023-01-21,2023-01-24,PL-MKT-01,C000242,VM-APP-0002,1,420.19,0.3,PLN
SO-2023-000452,1,2023-01-21,2023-01-21,CZ-PRG-01,C000203,VM-ACC-0003,2,1411.0,0.1,CZK
SO-2023-000452,2,2023-01-21,2023-01-21,CZ-PRG-01,C000203,VM-ACC-0002,2,2968.0,0.0,CZK
SO-2023-000453,1,2023-01-21,2023-01-22,CZ-WEB-01,C000243,VM-APP-0006,1,1508.0,0.3,CZK
SO-2023-000453,2,2023-01-21,2023-01-22,CZ-WEB-01,C000243,VM-BIK-0008,1,25833.0,0.0,CZK
SO-2023-000454,1,2023-01-21,2023-01-25,DE-WEB-01,C000189,VM-APP-0005,3,36.57,0.3,EUR
SO-2023-000454,2,2023-01-21,2023-01-25,DE-WEB-01,C000189,VM-APP-0002,1,89.41,0.3,EUR
SO-2023-000454,3,2023-01-21,2023-01-25,DE-WEB-01,C000189,VM-NUT-0006,5,2.03,0.0,EUR
SO-2023-000455,1,2023-01-22,2023-01-24,PL-WEB-01,C000244,VM-NUT-0006,5,9.54,0.0,PLN
SO-2023-000455,2,2023-01-22,2023-01-24,PL-WEB-01,C000244,VM-BIK-0020,1,1155.54,0.0,PLN
SO-2023-000456,1,2023-01-22,2023-01-23,PL-WEB-01,C000245,VM-CMP-0006,2,190.99,0.0,PLN
SO-2023-000457,1,2023-01-22,2023-01-25,PL-WEB-01,C000208,VM-ACC-0022,1,1499.34,0.0,PLN
SO-2023-000458,1,2023-01-22,2023-01-24,PL-WEB-01,C000246,VM-APP-0020,2,171.89,0.0,PLN
SO-2023-000459,1,2023-01-22,2023-01-26,PL-WEB-01,C000247,VM-CMP-0021,3,45.83,0.1,PLN
SO-2023-000460,1,2023-01-22,2023-01-26,PL-WEB-01,C000248,VM-NUT-0007,8,12.41,0.0,PLN
SO-2023-000460,2,2023-01-22,2023-01-26,PL-WEB-01,C000248,VM-EBK-0008,1,14420.49,0.0,PLN
SO-2023-000461,1,2023-01-22,2023-01-25,PL-WEB-01,C000010,VM-NUT-0009,12,81.17,0.08,PLN
SO-2023-000462,1,2023-01-22,2023-01-26,PL-MKT-01,C000238,VM-APP-0019,1,63.02,0.3,PLN
SO-2023-000463,1,2023-01-22,2023-01-24,PL-MKT-01,C000249, VM-CMP-0010 ,1,372.44,0.0,PLN
SO-2023-000463,2,2023-01-22,2023-01-24,PL-MKT-01,C000249,VM-ACC-0014,1,105.04,0.0,PLN
SO-2023-000464,1,2023-01-22,2023-01-24,CZ-WEB-01,C000132,VM-BIK-0018,1,11676.0,0.0,CZK
SO-2023-000465,1,2023-01-22,2023-01-26,CZ-WEB-01,C000250,VM-CMP-0019,2,1022.0,0.0,CZK
SO-2023-000466,1,2023-01-22,2023-01-24,DE-WEB-01,C000091,VM-APP-0012,1,176.78,0.3,EUR
SO-2023-000466,2,2023-01-22,2023-01-24,DE-WEB-01,C000091,VM-APP-0001,3,93.47,0.3,EUR
SO-2023-000467,1,2023-01-23,2023-01-23,PL-WAW-01,,VM-NUT-0002,12,14.32,0.0,PLN
SO-2023-000468,1,2023-01-23,2023-01-23,PL-WAW-02,C000159,VM-NUT-0001,13,8.59,0.05,PLN
SO-2023-000468,2,2023-01-23,2023-01-23,PL-WAW-02,C000159,VM-NUT-0003,13,10.5,0.05,PLN
SO-2023-000468,3,2023-01-23,2023-01-23,PL-WAW-02,C000159,VM-ACC-0008,2,381.99,0.05,PLN
SO-2023-000469,1,2023-01-23,2023-01-23,PL-WRO-01,C000251,VM-CMP-0013,1,506.14,0.05,PLN
SO-2023-000470,1,2023-01-23,2023-01-24,PL-WEB-01,C000051,VM-ACC-0021,1,744.89,0.0,PLN
SO-2023-000470,2,2023-01-23,2023-01-24,PL-WEB-01,C000051,VM-CMP-0017,1,477.49,0.0,PLN
SO-2023-000471,1,2023-01-23,2023-01-24,PL-WEB-01,C000093,VM-CMP-0020,1,248.29,0.0,PLN
SO-2023-000472,1,2023-01-23,2023-01-24,PL-WEB-01,C000252,VM-ACC-0020,1,773.54,0.0,PLN
SO-2023-000473,1,2023-01-23,2023-01-25,PL-WEB-01,C000253,VM-CMP-0006,2,190.99,0.0,PLN
SO-2023-000473,2,2023-01-23,2023-01-25,PL-WEB-01,C000253,VM-NUT-0009,2,81.17,0.0,PLN
SO-2023-000473,3,2023-01-23,2023-01-25,PL-WEB-01,C000253,vm-app-0007,2,152.79,0.3,PLN
SO-2023-000473,4,2023-01-23,2023-01-25,PL-WEB-01,C000253,VM-APP-0003,1,296.04,0.3,PLN
SO-2023-000474,1,2023-01-23,2023-01-25,PL-WEB-01,C000198,VM-BIK-0007,1,6732.74,0.0,PLN
SO-2023-000475,1,2023-01-23,2023-01-27,PL-WEB-01,C000254,VM-ACC-0022,1,1499.34,0.0,PLN
SO-2023-000475,2,2023-01-23,2023-01-27,PL-WEB-01,C000254,VM-ACC-0017,2,55.38,0.0,PLN
SO-2023-000476,1,2023-01-23,2023-01-24,PL-MKT-01,C000207,VM-BIK-0011,1,8260.74,0.0,PLN
SO-2023-000477,1,2023-01-23,2023-01-24,PL-MKT-01,C000255,VM-NUT-0004,14,6.68,0.05,PLN
SO-2023-000477,2,2023-01-23,2023-01-24,PL-MKT-01,C000255,VM-NUT-0011,4,51.56,0.05,PLN
SO-2023-000477,3,2023-01-23,2023-01-24,PL-MKT-01,C000255,VM-ACC-0015,1,334.24,0.05,PLN
SO-2023-000478,1,2023-01-23,2023-01-25,PL-MKT-01,C000256,VM-APP-0006,1,296.04,0.3,PLN
SO-2023-000478,2,2023-01-23,2023-01-25,PL-MKT-01,C000256,VM-ACC-0013,1,162.34,0.0,PLN
SO-2023-000479,1,2023-01-23,2023-01-27,PL-MKT-01,C000111,VM-NUT-0010,20,33.42,0.1,PLN
SO-2023-000479,2,2023-01-23,2023-01-27,PL-MKT-01,C000111,VM-ACC-0009,10,381.99,0.08,PLN
SO-2023-000480,1,2023-01-23,2023-01-27,PL-MKT-01,C000199,VM-NUT-0006,11,9.54,0.0,PLN
SO-2023-000481,1,2023-01-23,2023-01-26,CZ-WEB-01,C000132,VM-CMP-0022,1,175.0,0.0,CZK
SO-2023-000482,1,2023-01-23,2023-01-24,CZ-WEB-01,C000257,VM-NUT-0002,5,73.0,0.0,CZK
SO-2023-000482,2,2023-01-23,2023-01-24,CZ-WEB-01,C000257,VM-ACC-0012,1,350.0,0.0,CZK
SO-2023-000483,1,2023-01-23,2023-01-23,DE-BER-01,C000258,VM-ACC-0019,3,10.16,0.0,EUR
SO-2023-000483,2,2023-01-23,2023-01-23,DE-BER-01,C000258,VM-CMP-0009,1,71.12,0.0,EUR
SO-2023-000484,1,2023-01-23,2023-01-23,DE-BER-01,,VM-ACC-0007,2,73.15,0.0,EUR
SO-2023-000484,2,2023-01-23,2023-01-23,DE-BER-01,,VM-APP-0007,2,32.51,0.3,EUR
SO-2023-000484,3,2023-01-23,2023-01-23,DE-BER-01,,VM-CMP-0010,2,79.25,0.0,EUR
SO-2023-000485,1,2023-01-23,2023-01-26,DE-WEB-01,C000259,VM-CMP-0012,2,109.73,0.0,EUR
SO-2023-000485,2,2023-01-23,2023-01-26,DE-WEB-01,C000259,VM-CMP-0004,1,146.3,0.0,EUR
SO-2023-000486,1,2023-01-23,2023-01-24,DE-WEB-01,C000260,VM-APP-0014,1,99.57,0.3,EUR
SO-2023-000487,1,2023-01-24,2023-01-24,PL-WAW-02,,VM-ACC-0014,1,105.04,0.0,PLN
SO-2023-000487,2,2023-01-24,2023-01-24,PL-WAW-02,,VM-CMP-0015,2,878.59,0.0,PLN
SO-2023-000488,1,2023-01-24,2023-01-24,PL-WAW-02,C000229,VM-ACC-0009,5,381.99,0.08,PLN
SO-2023-000488,2,2023-01-24,2023-01-24,PL-WAW-02,C000229,VM-NUT-0009,4,81.17,0.1,PLN
SO-2023-000488,3,2023-01-24,2023-01-24,PL-WAW-02,C000229,VM-CMP-0010,10,372.44,0.08,PLN
SO-2023-000488,4,2023-01-24,2023-01-24,PL-WAW-02,C000229,VM-CMP-0017,10,477.49,0.12,PLN
SO-2023-000489,1,2023-01-24,2023-01-24,PL-KRK-01,,VM-NUT-0001,3,8.59,0.0,PLN
SO-2023-000489,2,2023-01-24,2023-01-24,PL-KRK-01,,VM-CMP-0017,2,477.49,0.0,PLN
SO-2023-000489,3,2023-01-24,2023-01-24,PL-KRK-01,,VM-BIK-0009,1,5386.19,0.0,PLN
SO-2023-000490,1,2023-01-24,2023-01-24,PL-KRK-01,C000198,VM-APP-0001,1,439.29,0.0,PLN
SO-2023-000490,2,2023-01-24,2023-01-24,PL-KRK-01,C000198,VM-APP-0009,2,334.24,0.0,PLN
SO-2023-000490,3,2023-01-24,2023-01-24,PL-KRK-01,C000198,VM-CMP-0017,2,477.49,0.0,PLN
SO-2023-000490,4,2023-01-24,2023-01-24,PL-KRK-01,C000198,VM-EBK-0007,1,14038.49,0.0,PLN
SO-2023-000491,1,2023-01-24,2023-01-24,PL-WRO-01,,VM-NUT-0010,2,33.42,0.0,PLN
SO-2023-000492,1,2023-01-24,2023-01-24,PL-WRO-01,C000261,VM-APP-0001,3,439.29,0.3,PLN
SO-2023-000492,2,2023-01-24,2023-01-24,PL-WRO-01,C000261,VM-NUT-0006,9,9.54,0.05,PLN
SO-2023-000492,3,2023-01-24,2023-01-24,PL-WRO-01,C000261,VM-ACC-0008,1,381.99,0.05,PLN
SO-2023-000493,1,2023-01-24,2023-01-24,PL-GDN-01,C000262,VM-CMP-0009,1,334.24,0.1,PLN
SO-2023-000494,1,2023-01-24,2023-01-24,PL-GDN-01,C000241,VM-APP-0020,1,171.89,0.3,PLN
SO-2023-000494,2,2023-01-24,2023-01-24,PL-GDN-01,C000241,VM-ACC-0018,1,47.74,0.0,PLN
SO-2023-000495,1,2023-01-24,2023-01-24,PL-GDN-01,C000263,VM-ACC-0008,2,381.99,0.0,PLN
SO-2023-000496,1,2023-01-24,2023-01-27,PL-WEB-01,C000028,VM-BIK-0016,1,3428.44,0.1,PLN
SO-2023-000496,2,2023-01-24,2023-01-27,PL-WEB-01,C000028,VM-ACC-0007,1,343.79,0.0,PLN
SO-2023-000496,3,2023-01-24,2023-01-27,PL-WEB-01,C000028,VM-BIK-0004,1,4077.84,0.0,PLN
SO-2023-000496,4,2023-01-24,2023-01-27,PL-WEB-01,C000028,VM-ACC-0013,1,162.34,0.0,PLN
SO-2023-000497,1,2023-01-24,2023-01-27,PL-WEB-01,C000264,VM-ACC-0019,2,47.74,0.0,PLN
SO-2023-000497,2,2023-01-24,2023-01-27,PL-WEB-01,C000264,VM-NUT-0004,7,6.68,0.0,PLN
SO-2023-000497,3,2023-01-24,2023-01-27,PL-WEB-01,C000264,VM-ACC-0020,1,773.54,0.0,PLN
SO-2023-000497,4,2023-01-24,2023-01-27,PL-WEB-01,C000264,VM-CMP-0008,1,420.19,0.0,PLN
SO-2023-000498,1,2023-01-24,2023-01-26,PL-MKT-01,C000265,VM-BIK-0017,1,1824.04,0.0,PLN
SO-2023-000498,2,2023-01-24,2023-01-26,PL-MKT-01,C000265,VM-APP-0009,1,334.24,0.0,PLN
SO-2023-000499,1,2023-01-24,2023-01-27,CZ-WEB-01,C000266,VM-CMP-0017,1,2432.0,0.0,CZK
SO-2023-000500,1,2023-01-24,2023-01-26,DE-WEB-01,C000267,VM-APP-0013,1,89.41,0.05,EUR
SO-2023-000501,1,2023-01-25,2023-01-25,PL-GDN-01,C000003,VM-CMP-0019,3,200.54,0.05,PLN
SO-2023-000502,1,2023-01-25,2023-01-25,PL-GDN-01,C000268,VM-ACC-0023,1,888.14,0.0,PLN
SO-2023-000503,1,2023-01-25,2023-01-26,PL-WEB-01,C000022,VM-ACC-0008,2,381.99,0.0,PLN
SO-2023-000504,1,2023-01-25,2023-01-27,PL-WEB-01,C000179,VM-ACC-0017,3,55.38,0.0,PLN
SO-2023-000505,1,2023-01-25,2023-01-29,PL-WEB-01,C000026,VM-APP-0001,2,439.29,0.3,PLN
SO-2023-000506,1,2023-01-25,2023-01-26,PL-WEB-01,C000118,VM-ACC-0002,1,582.54,0.0,PLN
SO-2023-000507,1,2023-01-25,2023-01-29,PL-MKT-01,C000017,VM-APP-0003,3,296.04,0.0,PLN
SO-2023-000508,1,2023-01-25,2023-01-25,CZ-PRG-01,C000269,VM-NUT-0001,3,44.0,0.0,CZK
SO-2023-000509,1,2023-01-25,2023-01-28,CZ-WEB-01,C000226,VM-CMP-0006,2,973.0,0.0,CZK
SO-2023-000510,1,2023-01-25,2023-01-25,DE-BER-01,C000270,VM-OLD-0999,1,81.28,0.0,EUR
SO-2023-000511,1,2023-01-25,2023-01-25,DE-BER-01,C000271,VM-ACC-0001,1,77.21,0.05,EUR
SO-2023-000512,1,2023-01-25,2023-01-26,DE-WEB-01,C000260,VM-APP-0017,2,38.61,0.3,EUR
SO-2023-000513,1,2023-01-25,2023-01-27,DE-WEB-01,C000272,VM-NUT-0009,4,17.27,0.0,EUR
SO-2023-000514,1,2023-01-25,2023-01-26,DE-WEB-01,C000273,VM-ACC-0008,2,81.28,0.0,EUR
SO-2023-000514,2,2023-01-25,2023-01-26,DE-WEB-01,C000273,VM-APP-0018,1,26.41,0.3,EUR
SO-2023-000515,1,2023-01-26,2023-01-26,PL-WAW-01,C000003,VM-NUT-0011,3,51.56,0.05,PLN
SO-2023-000516,1,2023-01-26,2023-01-26,PL-WAW-01,,VM-APP-0010,1,162.34,0.3,PLN
SO-2023-000516,2,2023-01-26,2023-01-26,PL-WAW-01,,VM-NUT-0004,14,6.68,0.0,PLN
SO-2023-000516,3,2023-01-26,2023-01-26,PL-WAW-01,,VM-OLD-0999,2,506.14,0.05,PLN
SO-2023-000516,4,2023-01-26,2023-01-26,PL-WAW-01,,VM-NUT-0011,3,51.56,0.0,PLN
SO-2023-000517,1,2023-01-26,2023-01-26,PL-WAW-01,C000095,VM-NUT-0002,3,14.32,0.0,PLN
SO-2023-000517,2,2023-01-26,2023-01-26,PL-WAW-01,C000095,VM-CMP-0013,2,506.14,0.0,PLN
SO-2023-000518,1,2023-01-26,2023-01-26,PL-WAW-02,C000252,VM-NUT-0003,4,10.5,0.0,PLN
SO-2023-000519,1,2023-01-26,2023-01-26,PL-WAW-02,,VM-ACC-0008,1,381.99,0.0,PLN
SO-2023-000519,2,2023-01-26,2023-01-26,PL-WAW-02,,VM-CMP-0010,1,372.44,0.0,PLN
SO-2023-000520,1,2023-01-26,2023-01-26,PL-WAW-02,C000274,VM-NUT-0004,11,6.68,0.0,PLN
SO-2023-000521,1,2023-01-26,2023-01-26,PL-WAW-02,C000275,VM-APP-0020,1,171.89,0.3,PLN
SO-2023-000521,2,2023-01-26,2023-01-26,PL-WAW-02,C000275,VM-ACC-0014,1,105.04,0.0,PLN
SO-2023-000522,1,2023-01-26,2023-01-26,PL-KRK-01,C000154,VM-CMP-0010,1,372.44,0.0,PLN
SO-2023-000522,2,2023-01-26,2023-01-26,PL-KRK-01,C000154,VM-ACC-0018,2,47.74,0.0,PLN
SO-2023-000523,1,2023-01-26,2023-01-26,PL-GDN-01,,VM-CMP-0002,2,534.79,0.0,PLN
SO-2023-000523,2,2023-01-26,2023-01-26,PL-GDN-01,,VM-ACC-0018,3,47.74,0.1,PLN
SO-2023-000523,3,2023-01-26,2023-01-26,PL-GDN-01,,VM-CMP-0017,2,477.49,0.0,PLN
SO-2023-000523,4,2023-01-26,2023-01-26,PL-GDN-01,,VM-ACC-0011,2,68.75,0.0,PLN
SO-2023-000524,1,2023-01-26,2023-01-29,PL-WEB-01,C000276,VM-ACC-0018,1,47.74,0.0,PLN
SO-2023-000524,2,2023-01-26,2023-01-29,PL-WEB-01,C000276,VM-NUT-0004,8,6.68,0.0,PLN
SO-2023-000525,1,2023-01-26,2023-01-28,PL-WEB-01,C000277,VM-NUT-0001,13,8.59,0.05,PLN
SO-2023-000526,1,2023-01-26,2023-01-28,PL-WEB-01,C000207,VM-ACC-0020,1,773.54,0.0,PLN
SO-2023-000527,1,2023-01-26,2023-01-27,PL-MKT-01,C000198,VM-CMP-0013,2,506.14,0.0,PLN
SO-2023-000528,1,2023-01-26,2023-01-30,PL-MKT-01,C000278,VM-APP-0001,1,439.29,0.3,PLN
SO-2023-000529,1,2023-01-26,2023-01-30,PL-MKT-01,C000279,VM-ACC-0002,1,582.54,0.0,PLN
SO-2023-000529,2,2023-01-26,2023-01-30,PL-MKT-01,C000279,VM-APP-0004,3,229.19,0.3,PLN
SO-2023-000529,3,2023-01-26,2023-01-30,PL-MKT-01,C000279, VM-BIK-0009 ,1,5386.19,0.0,PLN
SO-2023-000529,4,2023-01-26,2023-01-30,PL-MKT-01,C000279,VM-CMP-0016,1,2349.29,0.0,PLN
SO-2023-000530,1,2023-01-26,2023-01-26,DE-BER-01,,VM-CMP-0006,2,40.64,0.0,EUR
SO-2023-000530,2,2023-01-26,2023-01-26,DE-BER-01,,VM-NUT-0004,15,1.42,0.0,EUR
SO-2023-000531,1,2023-01-26,2023-01-27,DE-WEB-01,C000280,VM-NUT-0007,8,2.64,0.0,EUR
SO-2023-000532,1,2023-01-26,2023-01-27,DE-WEB-01,C000281,VM-ACC-0018,3,10.16,0.0,EUR
SO-2023-000533,1,2023-01-27,2023-01-27,PL-WAW-02,C000074,VM-NUT-0003,10,10.5,0.0,PLN
SO-2023-000534,1,2023-01-27,2023-01-27,PL-WAW-02,,VM-EBK-0001,1,7324.84,0.1,PLN
SO-2023-000535,1,2023-01-27,2023-01-27,PL-KRK-01,C000246,VM-CMP-0014,1,410.64,0.0,PLN
SO-2023-000536,1,2023-01-27,2023-01-27,PL-KRK-01,C000282,VM-CMP-0016,1,2349.29,0.05,PLN
SO-2023-000537,1,2023-01-27,2023-01-28,PL-WEB-01,C000283,VM-CMP-0013,2,506.14,0.0,PLN
SO-2023-000537,2,2023-01-27,2023-01-28,PL-WEB-01,C000283,VM-APP-0006,1,296.04,0.0,PLN
SO-2023-000538,1,2023-01-27,2023-01-30,PL-WEB-01,C000284,VM-APP-0012,1,830.84,0.3,PLN
SO-2023-000538,2,2023-01-27,2023-01-30,PL-WEB-01,C000284,VM-ACC-0008,1,381.99,0.05,PLN
SO-2023-000538,3,2023-01-27,2023-01-30,PL-WEB-01,C000284,VM-CMP-0011,2,152.79,0.05,PLN
SO-2023-000538,4,2023-01-27,2023-01-30,PL-WEB-01,C000284,VM-CMP-0008,1,420.19,0.05,PLN
SO-2023-000539,1,2023-01-27,2023-01-30,PL-WEB-01,C000285, VM-NUT-0004 ,13,6.68,0.05,PLN
SO-2023-000540,1,2023-01-27,2023-01-28,PL-WEB-01,C000286,VM-NUT-0004,12,6.68,0.0,PLN
SO-2023-000541,1,2023-01-27,2023-01-29,PL-WEB-01,C000082,VM-APP-0010,1,162.34,0.3,PLN
SO-2023-000542,1,2023-01-27,2023-01-31,PL-MKT-01,C000010,VM-ACC-0007,10,343.79,0.12,PLN
SO-2023-000543,1,2023-01-27,2023-01-28,PL-MKT-01,C000287,VM-APP-0007,1,152.79,0.0,PLN
SO-2023-000543,2,2023-01-27,2023-01-28,PL-MKT-01,C000287,VM-CMP-0002,1,534.79,0.0,PLN
SO-2023-000544,1,2023-01-27,2023-01-30,PL-MKT-01,C000288,VM-ACC-0007,2,343.79,0.0,PLN
SO-2023-000544,2,2023-01-27,2023-01-30,PL-MKT-01,C000288,VM-NUT-0004,7,6.68,0.0,PLN
SO-2023-000545,1,2023-01-27,2023-01-27,CZ-PRG-01,C000059,VM-EBK-0007,1,71515.0,0.0,CZK
SO-2023-000545,2,2023-01-27,2023-01-27,CZ-PRG-01,C000059,VM-ACC-0008,2,1946.0,0.0,CZK
SO-2023-000545,3,2023-01-27,2023-01-27,CZ-PRG-01,C000059,VM-ACC-0007,2,1751.0,0.0,CZK
SO-2023-000545,4,2023-01-27,2023-01-27,CZ-PRG-01,C000059,VM-ACC-0017,1,282.0,0.0,CZK
SO-2023-000546,1,2023-01-27,2023-01-31,CZ-WEB-01,C000188,VM-APP-0013,1,2141.0,0.0,CZK
SO-2023-000546,2,2023-01-27,2023-01-31,CZ-WEB-01,C000188,VM-APP-0012,1,4233.0,0.3,CZK
SO-2023-000546,3,2023-01-27,2023-01-31,CZ-WEB-01,C000188,VM-APP-0009,1,1703.0,0.0,CZK
SO-2023-000547,1,2023-01-27,2023-01-29,CZ-WEB-01,C000203,VM-NUT-0009,4,413.0,0.0,CZK
SO-2023-000547,2,2023-01-27,2023-01-29,CZ-WEB-01,C000203,VM-ACC-0021,1,3795.0,0.0,CZK
SO-2023-000547,3,2023-01-27,2023-01-29,CZ-WEB-01,C000203,VM-NUT-0004,6,34.0,0.0,CZK
SO-2023-000547,4,2023-01-27,2023-01-29,CZ-WEB-01,C000203,VM-CMP-0006,1,973.0,0.0,CZK
SO-2023-000548,1,2023-01-27,2023-01-28,DE-WEB-01,C000289,VM-CMP-0013,2,107.69,0.0,EUR
SO-2023-000548,2,2023-01-27,2023-01-28,DE-WEB-01,C000289,VM-ACC-0011,2,14.63,0.0,EUR
SO-2023-000548,3,2023-01-27,2023-01-28,DE-WEB-01,C000289,VM-ACC-0015,1,71.12,0.0,EUR
SO-2023-000549,1,2023-01-27,2023-01-29,DE-WEB-01,C000290,VM-APP-0020,1,36.57,0.3,EUR
SO-2023-000549,2,2023-01-27,2023-01-29,DE-WEB-01,C000290,VM-ACC-0018,3,10.16,0.05,EUR
SO-2023-000549,3,2023-01-27,2023-01-29,DE-WEB-01,C000290,VM-EBK-0009,1,2013.71,0.0,EUR
SO-2023-000549,4,2023-01-27,2023-01-29,DE-WEB-01,C000290,VM-CMP-0006,1,40.64,0.0,EUR
SO-2023-000550,1,2023-01-28,2023-01-28,PL-WAW-01,C000291,VM-ACC-0008,2,381.99,0.0,PLN
SO-2023-000550,2,2023-01-28,2023-01-28,PL-WAW-01,C000291,VM-CMP-0009,2,334.24,0.0,PLN
SO-2023-000550,3,2023-01-28,2023-01-28,PL-WAW-01,C000291,VM-NUT-0004,14,6.68,0.0,PLN
SO-2023-000550,4,2023-01-28,2023-01-28,PL-WAW-01,C000291,VM-CMP-0007,1,601.64,0.0,PLN
SO-2023-000551,1,2023-01-28,2023-01-28,PL-WAW-01,,VM-NUT-0009,1,81.17,0.0,PLN
SO-2023-000551,2,2023-01-28,2023-01-28,PL-WAW-01,,VM-BIK-0009,1,5386.19,0.0,PLN
SO-2023-000552,1,2023-01-28,2023-01-28,PL-WAW-01,C000238,VM-ACC-0007,1,343.79,0.0,PLN
SO-2023-000553,1,2023-01-28,2023-01-28,PL-WAW-01,C000292,VM-ACC-0019,2,47.74,0.12,PLN
SO-2023-000553,2,2023-01-28,2023-01-28,PL-WAW-01,C000292,VM-BIK-0002,5,9196.64,0.08,PLN
SO-2023-000554,1,2023-01-28,2023-01-28,PL-WAW-02,C000293,VM-APP-0019,2,63.02,0.3,PLN
SO-2023-000554,2,2023-01-28,2023-01-28,PL-WAW-02,C000293,VM-APP-0001,1,439.29,0.3,PLN
SO-2023-000554,3,2023-01-28,2023-01-28,PL-WAW-02,C000293,VM-NUT-0004,5,6.68,0.0,PLN
SO-2023-000555,1,2023-01-28,2023-01-28,PL-WAW-02,,VM-APP-0006,3,296.04,0.3,PLN
SO-2023-000556,1,2023-01-28,2023-01-28,PL-WAW-02,,VM-CMP-0006,2,190.99,0.0,PLN
SO-2023-000556,2,2023-01-28,2023-01-28,PL-WAW-02,,VM-EBK-0002,1,9502.24,0.0,PLN
SO-2023-000556,3,2023-01-28,2023-01-28,PL-WAW-02,,VM-ACC-0013,1,162.34,0.1,PLN
SO-2023-000556,4,2023-01-28,2023-01-28,PL-WAW-02,,VM-CMP-0004,2,687.59,0.0,PLN
SO-2023-000557,1,2023-01-28,2023-01-28,PL-WAW-02,C000294,VM-APP-0007,1,152.79,0.3,PLN
SO-2023-000557,2,2023-01-28,2023-01-28,PL-WAW-02,C000294,VM-CMP-0017,2,477.49,0.0,PLN
SO-2023-000558,1,2023-01-28,2023-01-28,PL-WAW-02,C000238,VM-APP-0001,3,439.29,0.0,PLN
SO-2023-000559,1,2023-01-28,2023-01-28,PL-WAW-02,C000139,VM-CMP-0010,5,372.44,0.08,PLN
SO-2023-000559,2,2023-01-28,2023-01-28,PL-WAW-02,C000139,VM-NUT-0004,60,6.68,0.12,PLN
SO-2023-000560,1,2023-01-28,2023-01-28,PL-KRK-01,C000034,VM-APP-0006,2,296.04,0.0,PLN
SO-2023-000561,1,2023-01-28,2023-01-28,PL-WRO-01,C000137,VM-ACC-0003,1,276.94,0.0,PLN
SO-2023-000562,1,2023-01-28,2023-01-29,PL-WEB-01,C000128,VM-APP-0010,1,162.34,0.3,PLN
SO-2023-000562,2,2023-01-28,2023-01-29,PL-WEB-01,C000128,VM-BIK-0004,1,4077.84,0.0,PLN
SO-2023-000563,1,2023-01-28,2023-01-29,PL-WEB-01,C000295,VM-NUT-0003,8,10.5,0.05,PLN
SO-2023-000563,2,2023-01-28,2023-01-29,PL-WEB-01,C000295,VM-CMP-0012,1,515.69,0.05,PLN
SO-2023-000563,3,2023-01-28,2023-01-29,PL-WEB-01,C000295,VM-BIK-0012,1,11278.54,0.05,PLN
SO-2023-000563,4,2023-01-28,2023-01-29,PL-WEB-01,C000295,VM-ACC-0009,1,381.99,0.05,PLN
SO-2023-000564,1,2023-01-28,2023-01-31,PL-WEB-01,C000296,VM-APP-0009,2,334.24,0.3,PLN
SO-2023-000565,1,2023-01-28,2023-01-31,PL-MKT-01,C000198,VM-APP-0013,1,420.19,0.0,PLN
SO-2023-000565,2,2023-01-28,2023-01-31,PL-MKT-01,C000198,VM-ACC-0007,2,343.79,0.05,PLN
SO-2023-000565,3,2023-01-28,2023-01-31,PL-MKT-01,C000198,VM-CMP-0020,2,248.29,0.0,PLN
SO-2023-000565,4,2023-01-28,2023-01-31,PL-MKT-01,C000198,VM-ACC-0021,1,744.89,0.0,PLN
SO-2023-000566,1,2023-01-28,2023-01-28,CZ-PRG-01,C000297,VM-NUT-0011,2,263.0,0.0,CZK
SO-2023-000567,1,2023-01-28,2023-01-31,CZ-WEB-01,C000298,VM-CMP-0016,2,11968.0,0.0,CZK
SO-2023-000567,2,2023-01-28,2023-01-31,CZ-WEB-01,C000298,VM-NUT-0005,6,44.0,0.0,CZK
SO-2023-000568,1,2023-01-28,2023-02-01,CZ-WEB-01,C000299,VM-NUT-0007,3,63.0,0.0,CZK
SO-2023-000569,1,2023-01-28,2023-02-01,CZ-WEB-01,C000186,VM-APP-0005,2,876.0,0.3,CZK
SO-2023-000569,2,2023-01-28,2023-02-01,CZ-WEB-01,C000186,VM-NUT-0001,8,44.0,0.0,CZK
SO-2023-000569,3,2023-01-28,2023-02-01,CZ-WEB-01,C000186,VM-ACC-0008,2,1946.0,0.0,CZK
SO-2023-000570,1,2023-01-28,2023-01-28,DE-BER-01,,VM-APP-0002,3,89.41,0.3,EUR
SO-2023-000571,1,2023-01-28,2023-02-01,DE-WEB-01,C000290,VM-ACC-0014,1,22.35,0.0,EUR
SO-2023-000571,2,2023-01-28,2023-02-01,DE-WEB-01,C000290,VM-APP-0002,2,89.41,0.3,EUR
SO-2023-000572,1,2023-01-28,2023-01-29,DE-WEB-01,C000300,VM-ACC-0017,1,11.78,0.0,EUR
SO-2023-000572,2,2023-01-28,2023-01-29,DE-WEB-01,C000300,VM-ACC-0019,1,10.16,0.0,EUR
SO-2023-000573,1,2023-01-28,2023-01-29,DE-WEB-01,C000165,VM-APP-0003,1,62.99,0.3,EUR
SO-2023-000574,1,2023-01-29,2023-01-30,PL-WEB-01,C000157,VM-BIK-0014,1,3657.64,0.0,PLN
SO-2023-000575,1,2023-01-29,2023-01-31,PL-WEB-01,C000011,VM-CMP-0022,3,34.37,0.0,PLN
SO-2023-000576,1,2023-01-29,2023-02-02,PL-WEB-01,C000044,VM-CMP-0012,1,515.69,0.0,PLN
SO-2023-000577,1,2023-01-29,2023-01-30,PL-WEB-01,C000129,VM-NUT-0001,8,8.59,0.0,PLN
SO-2023-000577,2,2023-01-29,2023-01-30,PL-WEB-01,C000129,VM-CMP-0011,1,152.79,0.0,PLN
SO-2023-000578,1,2023-01-29,2023-02-02,PL-MKT-01,C000301,VM-CMP-0002,1,534.79,0.0,PLN
SO-2023-000579,1,2023-01-29,2023-01-31,PL-MKT-01,C000139,VM-APP-0020,5,171.89,0.3,PLN
SO-2023-000580,1,2023-01-29,2023-01-29,CZ-PRG-01,C000302,VM-ACC-0021,1,3795.0,0.05,CZK
SO-2023-000580,2,2023-01-29,2023-01-29,CZ-PRG-01,C000302,VM-NUT-0004,14,34.0,0.05,CZK
SO-2023-000581,1,2023-01-29,2023-01-29,CZ-PRG-01,C000257,VM-ACC-0011,2,350.0,0.0,CZK
SO-2023-000582,1,2023-01-29,2023-01-29,CZ-PRG-01,,VM-NUT-0004,8,34.0,0.0,CZK
SO-2023-000583,1,2023-01-29,2023-01-30,CZ-WEB-01,C000226,VM-NUT-0003,6,53.0,0.0,CZK
SO-2023-000584,1,2023-01-29,2023-02-01,CZ-WEB-01,C000184,VM-BIK-0008,1,25833.0,0.0,CZK
SO-2023-000584,2,2023-01-29,2023-02-01,CZ-WEB-01,C000184,VM-APP-0007,1,778.0,0.3,CZK
SO-2023-000585,1,2023-01-29,2023-02-02,DE-WEB-01,C000171,VM-APP-0013,1,89.41,0.3,EUR
SO-2023-000586,1,2023-01-29,2023-01-31,DE-WEB-01,C000206,VM-ACC-0021,1,158.49,0.1,EUR
SO-2023-000586,2,2023-01-29,2023-01-31,DE-WEB-01,C000206,VM-CMP-0010,1,79.25,0.05,EUR
SO-2023-000586,3,2023-01-29,2023-01-31,DE-WEB-01,C000206,VM-ACC-0008,1,81.28,0.05,EUR
SO-2023-000587,1,2023-01-29,2023-01-31,DE-WEB-01,C000234,VM-ACC-0014,1,22.35,0.0,EUR
SO-2023-000587,2,2023-01-29,2023-01-31,DE-WEB-01,C000234,VM-CMP-0004,1,146.3,0.0,EUR
SO-2023-000588,1,2023-01-29,2023-01-30,DE-WEB-01,C000303,VM-ACC-0014,1,22.35,0.0,EUR
SO-2023-000588,2,2023-01-29,2023-01-30,DE-WEB-01,C000303,VM-ACC-0013,1,34.54,0.0,EUR
SO-2023-000589,1,2023-01-30,2023-01-30,PL-WAW-02,C000304,VM-ACC-0007,2,343.79,0.0,PLN
SO-2023-000590,1,2023-01-30,2023-01-30,PL-KRK-01,C000305,VM-CMP-0012,1,515.69,0.0,PLN
SO-2023-000590,2,2023-01-30,2023-01-30,PL-KRK-01,C000305,VM-BIK-0019,1,1155.54,0.1,PLN
SO-2023-000590,3,2023-01-30,2023-01-30,PL-KRK-01,C000305,VM-APP-0008,1,152.79,0.3,PLN
SO-2023-000590,4,2023-01-30,2023-01-30,PL-KRK-01,C000305,VM-NUT-0004,8,6.68,0.0,PLN
SO-2023-000591,1,2023-01-30,2023-01-30,PL-KRK-01,,VM-CMP-0013,2,506.14,0.0,PLN
SO-2023-000592,1,2023-01-30,2023-02-02,PL-WEB-01,C000296,VM-ACC-0022,1,1499.34,0.0,PLN
SO-2023-000592,2,2023-01-30,2023-02-02,PL-WEB-01,C000296,VM-NUT-0002,3,14.32,0.0,PLN
SO-2023-000593,1,2023-01-30,2023-02-02,PL-WEB-01,C000292,VM-ACC-0002,10,582.54,0.08,PLN
SO-2023-000593,2,2023-01-30,2023-02-02,PL-WEB-01,C000292,VM-NUT-0004,9,6.68,0.08,PLN
SO-2023-000594,1,2023-01-30,2023-02-02,PL-WEB-01,C000292,VM-ACC-0019,4,47.74,0.08,PLN
SO-2023-000594,2,2023-01-30,2023-02-02,PL-WEB-01,C000292,VM-CMP-0001,8,381.99,0.12,PLN
SO-2023-000595,1,2023-01-30,2023-02-02,PL-WEB-01,C000306,VM-ACC-0008,2,381.99,0.0,PLN
SO-2023-000595,2,2023-01-30,2023-02-02,PL-WEB-01,C000306,VM-APP-0002,1,420.19,0.0,PLN
SO-2023-000595,3,2023-01-30,2023-02-02,PL-WEB-01,C000306,VM-CMP-0009,2,334.24,0.0,PLN
SO-2023-000596,1,2023-01-30,2023-01-31,PL-WEB-01,C000183,VM-NUT-0004,6,6.68,0.05,PLN
SO-2023-000596,2,2023-01-30,2023-01-31,PL-WEB-01,C000183,VM-NUT-0006,7,9.54,0.05,PLN
SO-2023-000597,1,2023-01-30,2023-02-01,PL-WEB-01,C000285,VM-NUT-0011,1,51.56,0.0,PLN
SO-2023-000598,1,2023-01-30,2023-02-03,PL-WEB-01,C000198,VM-CMP-0017,2,477.49,0.0,PLN
SO-2023-000598,2,2023-01-30,2023-02-03,PL-WEB-01,C000198,VM-APP-0004,1,229.19,0.0,PLN
SO-2023-000599,1,2023-01-30,2023-01-31,PL-WEB-01,C000307,VM-CMP-0013,1,506.14,0.0,PLN
SO-2023-000599,2,2023-01-30,2023-01-31,PL-WEB-01,C000307,VM-ACC-0002,2,582.54,0.0,PLN
SO-2023-000599,3,2023-01-30,2023-01-31,PL-WEB-01,C000307,VM-NUT-0011,1,51.56,0.0,PLN
SO-2023-000600,1,2023-01-30,2023-02-03,PL-MKT-01,C000178,VM-APP-0010,2,162.34,0.3,PLN
SO-2023-000600,2,2023-01-30,2023-02-03,PL-MKT-01,C000178,VM-CMP-0010,1,372.44,0.0,PLN
SO-2023-000601,1,2023-01-30,2023-01-31,PL-MKT-01,C000292,VM-CMP-0001,6,381.99,0.12,PLN
SO-2023-000601,2,2023-01-30,2023-01-31,PL-MKT-01,C000292,VM-NUT-0004,14,6.68,0.1,PLN
SO-2023-000602,1,2023-01-30,2023-02-01,PL-MKT-01,C000002,VM-NUT-0004,5,6.68,0.0,PLN
SO-2023-000603,1,2023-01-30,2023-01-30,CZ-PRG-01,,VM-APP-0002,3,2141.0,0.0,CZK
SO-2023-000604,1,2023-01-30,2023-02-03,CZ-WEB-01,C000036,VM-ACC-0003,2,1411.0,0.0,CZK
SO-2023-000604,2,2023-01-30,2023-02-03,CZ-WEB-01,C000036,VM-NUT-0009,2,413.0,0.0,CZK
SO-2023-000604,3,2023-01-30,2023-02-03,CZ-WEB-01,C000036,VM-BIK-0014,1,18633.0,0.0,CZK
SO-2023-000605,1,2023-01-30,2023-02-03,CZ-WEB-01,C000299,VM-NUT-0006,11,49.0,0.0,CZK
SO-2023-000605,2,2023-01-30,2023-02-03,CZ-WEB-01,C000299,VM-ACC-0006,1,4622.0,0.0,CZK
SO-2023-000606,1,2023-01-30,2023-02-02,CZ-WEB-01,C000231,VM-ACC-0020,1,3941.0,0.0,CZK
SO-2023-000606,2,2023-01-30,2023-02-02,CZ-WEB-01,C000231,VM-NUT-0003,15,53.0,0.05,CZK
SO-2023-000606,3,2023-01-30,2023-02-02,CZ-WEB-01,C000231,VM-CMP-0010,1,1897.0,0.0,CZK
SO-2023-000607,1,2023-01-30,2023-01-30,DE-BER-01,,VM-CMP-0009,2,71.12,0.0,EUR
SO-2023-000607,2,2023-01-30,2023-01-30,DE-BER-01,,VM-ACC-0019,3,10.16,0.0,EUR
SO-2023-000607,3,2023-01-30,2023-01-30,DE-BER-01,,VM-NUT-0011,4,10.97,0.0,EUR
SO-2023-000608,1,2023-01-30,2023-02-01,DE-WEB-01,C000308,VM-ACC-0013,1,34.54,0.0,EUR
SO-2023-000609,1,2023-01-31,2023-01-31,PL-WAW-01,C000238,VM-NUT-0009,2,81.17,0.0,PLN
SO-2023-000609,2,2023-01-31,2023-01-31,PL-WAW-01,C000238,VM-ACC-0008,1,381.99,0.0,PLN
SO-2023-000610,1,2023-01-31,2023-01-31,PL-KRK-01,,VM-ACC-0021,1,744.89,0.0,PLN
SO-2023-000610,2,2023-01-31,2023-01-31,PL-KRK-01,,VM-NUT-0006,3,9.54,0.0,PLN
SO-2023-000611,1,2023-01-31,2023-01-31,PL-WRO-01,C000158,VM-NUT-0002,6,14.32,0.0,PLN
SO-2023-000611,2,2023-01-31,2023-01-31,PL-WRO-01,C000158,VM-APP-0006,1,296.04,0.0,PLN
SO-2023-000612,1,2023-01-31,2023-01-31,PL-GDN-01,C000177,VM-ACC-0011,1,68.75,0.0,PLN
SO-2023-000613,1,2023-01-31,2023-02-02,PL-WEB-01,C000309,VM-EBK-0003,1,8680.94,0.0,PLN
SO-2023-000614,1,2023-01-31,2023-02-01,PL-WEB-01,C000284,VM-NUT-0010,3,33.42,0.05,PLN
SO-2023-000614,2,2023-01-31,2023-02-01,PL-WEB-01,C000284,VM-ACC-0010,1,238.74,0.05,PLN
SO-2023-000614,3,2023-01-31,2023-02-01,PL-WEB-01,C000284,VM-ACC-0001,2,362.89,0.05,PLN
SO-2023-000615,1,2023-01-31,2023-02-04,PL-WEB-01,C000019,VM-APP-0003,1,296.04,0.05,PLN
SO-2023-000615,2,2023-01-31,2023-02-04,PL-WEB-01,C000019,VM-APP-0017,2,181.44,0.3,PLN
SO-2023-000616,1,2023-01-31,2023-02-02,PL-WEB-01,C000310,VM-BIK-0007,1,6732.74,0.0,PLN
SO-2023-000616,2,2023-01-31,2023-02-02,PL-WEB-01,C000310,VM-ACC-0005,1,171.89,0.0,PLN
SO-2023-000617,1,2023-01-31,2023-02-02,PL-WEB-01,C000311,VM-BIK-0014,1,3657.64,0.0,PLN
SO-2023-000617,2,2023-01-31,2023-02-02,PL-WEB-01,C000311,VM-ACC-0019,2,47.74,0.0,PLN
SO-2023-000617,3,2023-01-31,2023-02-02,PL-WEB-01,C000311,VM-ACC-0002,2,582.54,0.0,PLN
SO-2023-000618,1,2023-01-31,2023-02-03,PL-MKT-01,C000196,VM-NUT-0011,1,51.56,0.05,PLN
SO-2023-000619,1,2023-01-31,2023-02-02,PL-MKT-01,C000106,VM-ACC-0008,1,381.99,0.0,PLN
SO-2023-000620,1,2023-01-31,2023-02-02,PL-MKT-01,C000312,VM-NUT-0007,8,12.41,0.0,PLN
SO-2023-000621,1,2023-01-31,2023-02-03,CZ-WEB-01,C000313,VM-ACC-0020,1,3941.0,0.0,CZK
SO-2023-000621,2,2023-01-31,2023-02-03,CZ-WEB-01,C000313,VM-APP-0020,1,876.0,0.3,CZK
SO-2023-000622,1,2023-01-31,2023-02-01,DE-WEB-01,C000314,VM-ACC-0015,1,71.12,0.0,EUR
SO-2023-000622,2,2023-01-31,2023-02-01,DE-WEB-01,C000314,VM-ACC-0009,1,81.28,0.0,EUR
SO-2023-000622,3,2023-01-31,2023-02-01,DE-WEB-01,C000314,vm-app-0006,1,62.99,0.3,EUR
SO-2023-000623,1,2023-01-31,2023-02-02,DE-WEB-01,C000290,VM-APP-0007,2,32.51,0.3,EUR
SO-2023-000624,1,2023-01-31,2023-02-02,DE-WEB-01,C000315,VM-ACC-0004,1,158.49,0.0,EUR
