miesiac;kurs_EUR;kurs_CZK
2023-01;4,6998;0,1963
2023-02;4,6806;0,1951
2023-03;4,6471;0,1944
2023-04;4,6274;0,1933
2023-05;4,5989;0,1926
2023-06;4,5679;0,1916
2023-07;4,5464;0,1910
2023-08;4,5309;0,1910
2023-09;4,5061;0,1907
2023-10;4,4807;0,1901
2023-11;4,4449;0,1896
2023-12;4,4272;0,1885
2024-01;4,4150;0,1869
2024-02;4,4004;0,1853
2024-03;4,3971;0,1841
2024-04;4,3730;0,1834
2024-05;4,3567;0,1819
2024-06;4,3440;0,1808
2024-07;4,3291;0,1790
2024-08;4,2989;0,1772
2024-09;4,2887;0,1763
2024-10;4,2757;0,1747
2024-11;4,2703;0,1732
2024-12;4,2813;0,1739
2025-01;4,2763;0,1738
2025-02;4,2754;0,1736
2025-03;4,2736;0,1734
2025-04;4,2712;0,1734
2025-05;4,2666;0,1730
2025-06;4,2657;0,1729
2025-07;4,2702;0,1732
2025-08;4,2605;0,1729
2025-09;4,2705;0,1718
2025-10;4,2705;0,1714
2025-11;4,2709;0,1717
2025-12;4,2529;0,1723
2026-01;4,2510;0,1725
2026-02;4,2421;0,1732
2026-03;4,2445;0,1728
2026-04;4,2495;0,1734
2026-05;4,2560;0,1735
2026-06;4,2530;0,1739
2026-07;4,2506;0,1727
2026-08;4,2519;0,1732
2026-09;4,2350;0,1733
